3.98,2,2,1.98,2.02,loss
3.98,2.01,2,1.99,2.02,draw
3.96,2.01,2,1.97,2.04,loss
3.96,2.01,2,1.98,2.04,draw
3.96,1.9899999999999998,2,1.96,2.06,loss
3.96,1.9899999999999998,2,1.94,2.08,loss
3.96,1.9699999999999998,2,1.92,2.1,loss
3.96,1.9699999999999998,2,1.9,2.12,loss
3.94,1.9699999999999998,2,1.88,2.14,loss
3.92,1.9699999999999998,2,1.8599999999999999,2.16,loss
3.9299999999999997,1.9699999999999998,2,1.8699999999999999,2.16,draw
3.9099999999999997,1.9699999999999998,2,1.8499999999999999,2.18,loss
3.9299999999999997,1.9699999999999998,2,1.8699999999999999,2.1700000000000004,win
3.9099999999999997,1.9699999999999998,2,1.8499999999999999,2.1900000000000004,loss
3.8899999999999997,1.9699999999999998,2,1.8299999999999998,2.2100000000000004,loss
3.8899999999999997,1.9499999999999997,2,1.8099999999999998,2.2300000000000004,loss
3.8699999999999997,1.9499999999999997,2,1.7899999999999998,2.2500000000000004,loss
3.8699999999999997,1.9299999999999997,2,1.7699999999999998,2.2700000000000005,loss
3.8699999999999997,1.9299999999999997,2,1.7499999999999998,2.2900000000000005,loss
3.8699999999999997,1.9099999999999997,2,1.7299999999999998,2.3100000000000005,loss
3.8699999999999997,1.8899999999999997,2,1.7099999999999997,2.3300000000000005,loss
3.8699999999999997,1.8899999999999997,2,1.6899999999999997,2.3500000000000005,loss
3.8699999999999997,1.8699999999999997,2,1.6699999999999997,2.3700000000000006,loss
3.8499999999999996,1.8699999999999997,2,1.6499999999999997,2.3900000000000006,loss
3.8299999999999996,1.8699999999999997,2,1.6299999999999997,2.4100000000000006,loss
3.8299999999999996,1.8799999999999997,2,1.6399999999999997,2.4100000000000006,draw
3.8299999999999996,1.8999999999999997,2,1.6599999999999997,2.400000000000001,win
3.8299999999999996,1.8999999999999997,2,1.6699999999999997,2.400000000000001,draw
3.8299999999999996,1.8999999999999997,2,1.6499999999999997,2.420000000000001,loss
3.8299999999999996,1.9199999999999997,2,1.6699999999999997,2.410000000000001,win
3.8299999999999996,1.8999999999999997,2,1.6499999999999997,2.430000000000001,loss
3.8499999999999996,1.8999999999999997,2,1.6699999999999997,2.4200000000000013,win
3.8499999999999996,1.8799999999999997,2,1.6499999999999997,2.4400000000000013,loss
3.8499999999999996,1.8599999999999997,2,1.6299999999999997,2.4600000000000013,loss
3.8499999999999996,1.8399999999999996,2,1.6099999999999997,2.4800000000000013,loss
3.8499999999999996,1.8199999999999996,2,1.5899999999999996,2.5000000000000013,loss
3.8499999999999996,1.7999999999999996,2,1.5699999999999996,2.5200000000000014,loss
3.8499999999999996,1.8199999999999996,2,1.5899999999999996,2.5100000000000016,win
3.8499999999999996,1.8199999999999996,2,1.5699999999999996,2.5300000000000016,loss
3.8499999999999996,1.7999999999999996,2,1.5499999999999996,2.5500000000000016,loss
3.8499999999999996,1.7799999999999996,2,1.5299999999999996,2.5700000000000016,loss
3.8499999999999996,1.7799999999999996,2,1.5499999999999996,2.560000000000002,win
3.8499999999999996,1.7799999999999996,2,1.5299999999999996,2.580000000000002,loss
3.8299999999999996,1.7599999999999996,2,1.5099999999999996,2.600000000000002,loss
3.8299999999999996,1.7399999999999995,2,1.4899999999999995,2.620000000000002,loss
3.8299999999999996,1.7199999999999995,2,1.4699999999999995,2.640000000000002,loss
3.8299999999999996,1.6999999999999995,2,1.4499999999999995,2.660000000000002,loss
3.8299999999999996,1.7199999999999995,2,1.4699999999999995,2.650000000000002,win
3.8299999999999996,1.6999999999999995,2,1.4499999999999995,2.670000000000002,loss
3.8299999999999996,1.6799999999999995,2,1.4299999999999995,2.690000000000002,loss
3.8299999999999996,1.6599999999999995,2,1.4099999999999995,2.710000000000002,loss
3.8099999999999996,1.6599999999999995,2,1.3899999999999995,2.730000000000002,loss
3.8099999999999996,1.6399999999999995,2,1.3699999999999994,2.750000000000002,loss
3.8099999999999996,1.6399999999999995,2,1.3899999999999995,2.7400000000000024,win
3.8099999999999996,1.6199999999999994,2,1.3699999999999994,2.7600000000000025,loss
3.8099999999999996,1.6199999999999994,2,1.3799999999999994,2.7600000000000025,draw
3.8099999999999996,1.5999999999999994,2,1.3599999999999994,2.7800000000000025,loss
3.8099999999999996,1.5999999999999994,2,1.3399999999999994,2.8000000000000025,loss
3.8099999999999996,1.5999999999999994,2,1.3199999999999994,2.8200000000000025,loss
3.8099999999999996,1.5799999999999994,2,1.2999999999999994,2.8400000000000025,loss
3.8099999999999996,1.5799999999999994,2,1.2799999999999994,2.8600000000000025,loss
3.8099999999999996,1.5799999999999994,2,1.2999999999999994,2.8500000000000028,win
3.8099999999999996,1.5799999999999994,2,1.2799999999999994,2.8700000000000028,loss
3.8099999999999996,1.5799999999999994,2,1.2599999999999993,2.890000000000003,loss
3.8099999999999996,1.5799999999999994,2,1.2399999999999993,2.910000000000003,loss
3.7899999999999996,1.5799999999999994,2,1.2199999999999993,2.930000000000003,loss
3.7699999999999996,1.5799999999999994,2,1.1999999999999993,2.950000000000003,loss
3.7699999999999996,1.5799999999999994,2,1.2099999999999993,2.950000000000003,draw
3.7499999999999996,1.5799999999999994,2,1.1899999999999993,2.970000000000003,loss
3.7499999999999996,1.5799999999999994,2,1.1699999999999993,2.990000000000003,loss
3.7499999999999996,1.5599999999999994,2,1.1499999999999992,3.010000000000003,loss
3.7499999999999996,1.5399999999999994,2,1.1299999999999992,3.030000000000003,loss
3.7499999999999996,1.5599999999999994,2,1.1499999999999992,3.020000000000003,win
3.7499999999999996,1.5599999999999994,2,1.1299999999999992,3.040000000000003,loss
3.7499999999999996,1.5699999999999994,2,1.1399999999999992,3.040000000000003,draw
3.7499999999999996,1.5499999999999994,2,1.1199999999999992,3.060000000000003,loss
3.7499999999999996,1.5299999999999994,2,1.0999999999999992,3.080000000000003,loss
3.7499999999999996,1.5299999999999994,2,1.1199999999999992,3.0700000000000034,win
3.7499999999999996,1.5099999999999993,2,1.0999999999999992,3.0900000000000034,loss
3.7499999999999996,1.5299999999999994,2,1.1199999999999992,3.0800000000000036,win
3.7499999999999996,1.5299999999999994,2,1.1299999999999992,3.0800000000000036,draw
3.7499999999999996,1.5099999999999993,2,1.1099999999999992,3.1000000000000036,loss
3.7499999999999996,1.4899999999999993,2,1.0899999999999992,3.1200000000000037,loss
3.7499999999999996,1.4899999999999993,2,1.1099999999999992,3.110000000000004,win
3.7499999999999996,1.4899999999999993,2,1.1199999999999992,3.110000000000004,draw
3.7299999999999995,1.4899999999999993,2,1.0999999999999992,3.130000000000004,loss
3.7299999999999995,1.5099999999999993,2,1.1199999999999992,3.120000000000004,win
3.7299999999999995,1.5299999999999994,2,1.1399999999999992,3.1100000000000043,win
3.7299999999999995,1.5299999999999994,2,1.1599999999999993,3.1000000000000045,win
3.7099999999999995,1.5299999999999994,2,1.1399999999999992,3.1200000000000045,loss
3.7099999999999995,1.5299999999999994,2,1.1599999999999993,3.1100000000000048,win
3.7099999999999995,1.5299999999999994,2,1.1799999999999993,3.100000000000005,win
3.7099999999999995,1.5099999999999993,2,1.1599999999999993,3.120000000000005,loss
3.7099999999999995,1.5099999999999993,2,1.1399999999999992,3.140000000000005,loss
3.7099999999999995,1.5099999999999993,2,1.1599999999999993,3.1300000000000052,win
3.7099999999999995,1.5299999999999994,2,1.1799999999999993,3.1200000000000054,win
3.7099999999999995,1.5299999999999994,2,1.1899999999999993,3.1200000000000054,draw
3.7099999999999995,1.5299999999999994,2,1.1699999999999993,3.1400000000000055,loss
3.7099999999999995,1.5299999999999994,2,1.1499999999999992,3.1600000000000055,loss
3.7099999999999995,1.5099999999999993,2,1.1299999999999992,3.1800000000000055,loss
3.7099999999999995,1.5299999999999994,2,1.1499999999999992,3.1700000000000057,win
3.7099999999999995,1.5099999999999993,2,1.1299999999999992,3.1900000000000057,loss
3.7099999999999995,1.5199999999999994,2,1.1399999999999992,3.1900000000000057,draw
3.6899999999999995,1.5199999999999994,2,1.1199999999999992,3.2100000000000057,loss
3.6899999999999995,1.5199999999999994,2,1.1299999999999992,3.2100000000000057,draw
3.6899999999999995,1.5199999999999994,2,1.1499999999999992,3.200000000000006,win
3.6899999999999995,1.5199999999999994,2,1.1699999999999993,3.190000000000006,win
3.6899999999999995,1.4999999999999993,2,1.1499999999999992,3.210000000000006,loss
3.6899999999999995,1.5199999999999994,2,1.1699999999999993,3.2000000000000064,win
3.6899999999999995,1.5399999999999994,2,1.1899999999999993,3.1900000000000066,win
3.6899999999999995,1.5399999999999994,2,1.2099999999999993,3.180000000000007,win
3.6899999999999995,1.5199999999999994,2,1.1899999999999993,3.200000000000007,loss
3.6899999999999995,1.5299999999999994,2,1.1999999999999993,3.200000000000007,draw
3.6899999999999995,1.5499999999999994,2,1.2199999999999993,3.190000000000007,win
3.6899999999999995,1.5299999999999994,2,1.1999999999999993,3.210000000000007,loss
3.6699999999999995,1.5299999999999994,2,1.1799999999999993,3.230000000000007,loss
3.6699999999999995,1.5299999999999994,2,1.1899999999999993,3.230000000000007,draw
3.6699999999999995,1.5399999999999994,2,1.1999999999999993,3.230000000000007,draw
3.6699999999999995,1.5199999999999994,2,1.1799999999999993,3.250000000000007,loss
3.6699999999999995,1.5199999999999994,2,1.1999999999999993,3.2400000000000073,win
3.6699999999999995,1.5199999999999994,2,1.2199999999999993,3.2300000000000075,win
3.6699999999999995,1.4999999999999993,2,1.1999999999999993,3.2500000000000075,loss
3.6699999999999995,1.4999999999999993,2,1.1799999999999993,3.2700000000000076,loss
3.6699999999999995,1.4799999999999993,2,1.1599999999999993,3.2900000000000076,loss
3.6699999999999995,1.4799999999999993,2,1.1399999999999992,3.3100000000000076,loss
3.6699999999999995,1.4799999999999993,2,1.1199999999999992,3.3300000000000076,loss
3.6699999999999995,1.4599999999999993,2,1.0999999999999992,3.3500000000000076,loss
3.6699999999999995,1.4599999999999993,2,1.0799999999999992,3.3700000000000077,loss
3.6699999999999995,1.4599999999999993,2,1.0999999999999992,3.360000000000008,win
3.6699999999999995,1.4599999999999993,2,1.0799999999999992,3.380000000000008,loss
3.6699999999999995,1.4599999999999993,2,1.0599999999999992,3.400000000000008,loss
3.6699999999999995,1.4599999999999993,2,1.0699999999999992,3.400000000000008,draw
3.6699999999999995,1.4599999999999993,2,1.0799999999999992,3.400000000000008,draw
3.6699999999999995,1.4599999999999993,2,1.0899999999999992,3.400000000000008,draw
3.6699999999999995,1.4599999999999993,2,1.0999999999999992,3.400000000000008,draw
3.6699999999999995,1.4599999999999993,2,1.1099999999999992,3.400000000000008,draw
3.6699999999999995,1.4599999999999993,2,1.1199999999999992,3.400000000000008,draw
3.6699999999999995,1.4599999999999993,2,1.1299999999999992,3.400000000000008,draw
3.6699999999999995,1.4599999999999993,2,1.1099999999999992,3.420000000000008,loss
3.6499999999999995,1.4599999999999993,2,1.0899999999999992,3.440000000000008,loss
3.6499999999999995,1.4599999999999993,2,1.1099999999999992,3.430000000000008,win
3.6499999999999995,1.4399999999999993,2,1.0899999999999992,3.450000000000008,loss
3.6499999999999995,1.4199999999999993,2,1.0699999999999992,3.470000000000008,loss
3.6499999999999995,1.4199999999999993,2,1.0499999999999992,3.490000000000008,loss
3.6499999999999995,1.3999999999999992,2,1.0299999999999991,3.5100000000000082,loss
3.6499999999999995,1.4099999999999993,2,1.0399999999999991,3.5100000000000082,draw
3.6499999999999995,1.3899999999999992,2,1.0199999999999991,3.5300000000000082,loss
3.6499999999999995,1.4099999999999993,2,1.0399999999999991,3.5200000000000085,win
3.6499999999999995,1.4099999999999993,2,1.0499999999999992,3.5200000000000085,draw
3.6499999999999995,1.4099999999999993,2,1.0299999999999991,3.5400000000000085,loss
3.6499999999999995,1.4099999999999993,2,1.0399999999999991,3.5400000000000085,draw
3.6499999999999995,1.4099999999999993,2,1.0599999999999992,3.5300000000000087,win
3.6499999999999995,1.4099999999999993,2,1.0399999999999991,3.5500000000000087,loss
3.6499999999999995,1.3899999999999992,2,1.0199999999999991,3.5700000000000087,loss
3.6499999999999995,1.4099999999999993,2,1.0399999999999991,3.560000000000009,win
3.6499999999999995,1.3899999999999992,2,1.0199999999999991,3.580000000000009,loss
3.6499999999999995,1.3899999999999992,2,1.0399999999999991,3.570000000000009,win
3.6499999999999995,1.3999999999999992,2,1.0499999999999992,3.570000000000009,draw
3.6499999999999995,1.3999999999999992,2,1.0599999999999992,3.570000000000009,draw
3.6499999999999995,1.3799999999999992,2,1.0399999999999991,3.590000000000009,loss
3.6499999999999995,1.3799999999999992,2,1.0199999999999991,3.610000000000009,loss
3.6499999999999995,1.3799999999999992,2,1.0299999999999991,3.610000000000009,draw
3.6499999999999995,1.3799999999999992,2,1.0399999999999991,3.610000000000009,draw
3.6499999999999995,1.3799999999999992,2,1.0199999999999991,3.630000000000009,loss
3.6499999999999995,1.3799999999999992,2,1.0299999999999991,3.630000000000009,draw
3.6499999999999995,1.3799999999999992,2,1.0099999999999991,3.6500000000000092,loss
3.6499999999999995,1.3799999999999992,2,0.9899999999999991,3.6700000000000093,loss
3.6499999999999995,1.3799999999999992,2,1.0099999999999991,3.6600000000000095,win
3.6499999999999995,1.3599999999999992,2,0.9899999999999991,3.6800000000000095,loss
3.6499999999999995,1.3599999999999992,2,0.9699999999999991,3.7000000000000095,loss
3.6299999999999994,1.3399999999999992,2,0.9499999999999991,3.7200000000000095,loss
3.6299999999999994,1.3399999999999992,2,0.9699999999999991,3.7100000000000097,win
3.6299999999999994,1.3399999999999992,2,0.9799999999999991,3.7100000000000097,draw
3.6299999999999994,1.3399999999999992,2,0.9599999999999991,3.7300000000000098,loss
3.6299999999999994,1.3199999999999992,2,0.9399999999999991,3.7500000000000098,loss
3.6299999999999994,1.3199999999999992,2,0.919999999999999,3.77000000000001,loss
3.6299999999999994,1.3299999999999992,2,0.929999999999999,3.77000000000001,draw
3.6299999999999994,1.3299999999999992,2,0.909999999999999,3.79000000000001,loss
3.6299999999999994,1.3299999999999992,2,0.889999999999999,3.81000000000001,loss
3.6299999999999994,1.3299999999999992,2,0.909999999999999,3.80000000000001,win
3.6299999999999994,1.3299999999999992,2,0.889999999999999,3.82000000000001,loss
3.6299999999999994,1.3299999999999992,2,0.869999999999999,3.84000000000001,loss
3.6299999999999994,1.3099999999999992,2,0.849999999999999,3.86000000000001,loss
3.6299999999999994,1.3099999999999992,2,0.859999999999999,3.86000000000001,draw
3.6299999999999994,1.3099999999999992,2,0.839999999999999,3.88000000000001,loss
3.6299999999999994,1.3299999999999992,2,0.859999999999999,3.8700000000000103,win
3.6299999999999994,1.3299999999999992,2,0.839999999999999,3.8900000000000103,loss
3.6299999999999994,1.3299999999999992,2,0.849999999999999,3.8900000000000103,draw
3.6099999999999994,1.3299999999999992,2,0.829999999999999,3.9100000000000104,loss
3.6099999999999994,1.3299999999999992,2,0.849999999999999,3.9000000000000106,win
3.6099999999999994,1.3299999999999992,2,0.869999999999999,3.890000000000011,win
3.6099999999999994,1.3099999999999992,2,0.849999999999999,3.910000000000011,loss
3.6099999999999994,1.3099999999999992,2,0.829999999999999,3.930000000000011,loss
3.6099999999999994,1.3099999999999992,2,0.8099999999999989,3.950000000000011,loss
3.6099999999999994,1.2899999999999991,2,0.7899999999999989,3.970000000000011,loss
3.6099999999999994,1.2899999999999991,2,0.7699999999999989,3.990000000000011,loss
3.6099999999999994,1.2899999999999991,2,0.7499999999999989,4.0100000000000104,loss
3.6099999999999994,1.2899999999999991,2,0.7299999999999989,4.03000000000001,loss
3.6099999999999994,1.2899999999999991,2,0.7099999999999989,4.05000000000001,loss
3.6099999999999994,1.2899999999999991,2,0.6899999999999988,4.070000000000009,loss
3.6099999999999994,1.2899999999999991,2,0.6699999999999988,4.090000000000009,loss
3.6099999999999994,1.2899999999999991,2,0.6899999999999988,4.080000000000009,win
3.6099999999999994,1.2899999999999991,2,0.6999999999999988,4.080000000000009,draw
3.6099999999999994,1.2899999999999991,2,0.6799999999999988,4.1000000000000085,loss
3.6099999999999994,1.2899999999999991,2,0.6999999999999988,4.090000000000009,win
3.6099999999999994,1.2699999999999991,2,0.6799999999999988,4.110000000000008,loss
3.6099999999999994,1.2699999999999991,2,0.6899999999999988,4.110000000000008,draw
3.6099999999999994,1.2699999999999991,2,0.6699999999999988,4.130000000000008,loss
3.6099999999999994,1.2499999999999991,2,0.6499999999999988,4.1500000000000075,loss
3.6099999999999994,1.2499999999999991,2,0.6599999999999988,4.1500000000000075,draw
3.6099999999999994,1.2699999999999991,2,0.6799999999999988,4.140000000000008,win
3.6099999999999994,1.2699999999999991,2,0.6599999999999988,4.160000000000007,loss
3.6099999999999994,1.2499999999999991,2,0.6399999999999988,4.180000000000007,loss
3.6099999999999994,1.2499999999999991,2,0.6599999999999988,4.170000000000007,win
3.6099999999999994,1.2599999999999991,2,0.6699999999999988,4.170000000000007,draw
3.5899999999999994,1.2599999999999991,2,0.6499999999999988,4.190000000000007,loss
3.5899999999999994,1.2799999999999991,2,0.6699999999999988,4.180000000000007,win
3.5899999999999994,1.2599999999999991,2,0.6499999999999988,4.200000000000006,loss
3.5899999999999994,1.2599999999999991,2,0.6599999999999988,4.200000000000006,draw
3.5899999999999994,1.2599999999999991,2,0.6699999999999988,4.200000000000006,draw
3.5899999999999994,1.2599999999999991,2,0.6499999999999988,4.220000000000006,loss
3.5899999999999994,1.2599999999999991,2,0.6299999999999988,4.2400000000000055,loss
3.5899999999999994,1.2599999999999991,2,0.6499999999999988,4.230000000000006,win
3.5899999999999994,1.2599999999999991,2,0.6699999999999988,4.220000000000006,win
3.5899999999999994,1.239999999999999,2,0.6499999999999988,4.2400000000000055,loss
3.5899999999999994,1.219999999999999,2,0.6299999999999988,4.260000000000005,loss
3.5899999999999994,1.219999999999999,2,0.6499999999999988,4.250000000000005,win
3.5899999999999994,1.219999999999999,2,0.6299999999999988,4.270000000000005,loss
3.5899999999999994,1.219999999999999,2,0.6499999999999988,4.260000000000005,win
3.5899999999999994,1.219999999999999,2,0.6299999999999988,4.280000000000005,loss
3.5899999999999994,1.219999999999999,2,0.6099999999999988,4.300000000000004,loss
3.5899999999999994,1.219999999999999,2,0.5899999999999987,4.320000000000004,loss
3.5899999999999994,1.219999999999999,2,0.5999999999999988,4.320000000000004,draw
3.5899999999999994,1.219999999999999,2,0.6199999999999988,4.310000000000004,win
3.5899999999999994,1.239999999999999,2,0.6399999999999988,4.300000000000004,win
3.5899999999999994,1.2599999999999991,2,0.6599999999999988,4.2900000000000045,win
3.5899999999999994,1.2599999999999991,2,0.6799999999999988,4.280000000000005,win
3.599999999999999,1.2699999999999991,2,0.6899999999999988,4.280000000000005,draw
3.599999999999999,1.2799999999999991,2,0.6999999999999988,4.280000000000005,draw
3.599999999999999,1.2899999999999991,2,0.7099999999999989,4.280000000000005,draw
3.599999999999999,1.2899999999999991,2,0.7199999999999989,4.280000000000005,draw
3.599999999999999,1.2899999999999991,2,0.6999999999999988,4.300000000000004,loss
3.599999999999999,1.2899999999999991,2,0.7099999999999989,4.300000000000004,draw
3.599999999999999,1.3099999999999992,2,0.7299999999999989,4.2900000000000045,win
3.599999999999999,1.3099999999999992,2,0.7499999999999989,4.280000000000005,win
3.599999999999999,1.3099999999999992,2,0.7299999999999989,4.300000000000004,loss
3.599999999999999,1.3099999999999992,2,0.7399999999999989,4.300000000000004,draw
3.599999999999999,1.3099999999999992,2,0.7499999999999989,4.300000000000004,draw
3.599999999999999,1.3199999999999992,2,0.7599999999999989,4.300000000000004,draw
3.599999999999999,1.3199999999999992,2,0.7699999999999989,4.300000000000004,draw
3.599999999999999,1.3299999999999992,2,0.7799999999999989,4.300000000000004,draw
3.599999999999999,1.3299999999999992,2,0.7599999999999989,4.320000000000004,loss
3.599999999999999,1.3299999999999992,2,0.7399999999999989,4.340000000000003,loss
3.599999999999999,1.3299999999999992,2,0.7599999999999989,4.330000000000004,win
3.599999999999999,1.3299999999999992,2,0.7399999999999989,4.350000000000003,loss
3.599999999999999,1.3399999999999992,2,0.7499999999999989,4.350000000000003,draw
3.599999999999999,1.3199999999999992,2,0.7299999999999989,4.370000000000003,loss
3.599999999999999,1.3199999999999992,2,0.7499999999999989,4.360000000000003,win
3.599999999999999,1.3199999999999992,2,0.7299999999999989,4.380000000000003,loss
3.599999999999999,1.3299999999999992,2,0.7399999999999989,4.380000000000003,draw
3.599999999999999,1.3299999999999992,2,0.7199999999999989,4.400000000000002,loss
3.599999999999999,1.3299999999999992,2,0.7299999999999989,4.400000000000002,draw
3.599999999999999,1.3299999999999992,2,0.7499999999999989,4.390000000000002,win
3.599999999999999,1.3099999999999992,2,0.7299999999999989,4.410000000000002,loss
3.599999999999999,1.3099999999999992,2,0.7099999999999989,4.4300000000000015,loss
3.599999999999999,1.3199999999999992,2,0.7199999999999989,4.4300000000000015,draw
3.599999999999999,1.3199999999999992,2,0.6999999999999988,4.450000000000001,loss
3.599999999999999,1.3199999999999992,2,0.6799999999999988,4.470000000000001,loss
3.599999999999999,1.3199999999999992,2,0.6599999999999988,4.49,loss
3.599999999999999,1.3199999999999992,2,0.6399999999999988,4.51,loss
3.599999999999999,1.3199999999999992,2,0.6599999999999988,4.5,win
3.599999999999999,1.3299999999999992,2,0.6699999999999988,4.5,draw
3.599999999999999,1.3399999999999992,2,0.6799999999999988,4.5,draw
3.599999999999999,1.3399999999999992,2,0.6599999999999988,4.52,loss
3.599999999999999,1.3399999999999992,2,0.6799999999999988,4.51,win
3.599999999999999,1.3399999999999992,2,0.6999999999999988,4.5,win
3.599999999999999,1.3399999999999992,2,0.7099999999999989,4.5,draw
3.599999999999999,1.3399999999999992,2,0.6899999999999988,4.52,loss
3.599999999999999,1.3199999999999992,2,0.6699999999999988,4.539999999999999,loss
3.599999999999999,1.3199999999999992,2,0.6499999999999988,4.559999999999999,loss
3.599999999999999,1.3399999999999992,2,0.6699999999999988,4.549999999999999,win
3.599999999999999,1.3399999999999992,2,0.6799999999999988,4.549999999999999,draw
3.599999999999999,1.3199999999999992,2,0.6599999999999988,4.5699999999999985,loss
3.599999999999999,1.3199999999999992,2,0.6799999999999988,4.559999999999999,win
3.599999999999999,1.2999999999999992,2,0.6599999999999988,4.579999999999998,loss
3.599999999999999,1.2999999999999992,2,0.6399999999999988,4.599999999999998,loss
3.599999999999999,1.3099999999999992,2,0.6499999999999988,4.599999999999998,draw
3.599999999999999,1.3099999999999992,2,0.6299999999999988,4.619999999999997,loss
3.599999999999999,1.3099999999999992,2,0.6099999999999988,4.639999999999997,loss
3.599999999999999,1.3099999999999992,2,0.6199999999999988,4.639999999999997,draw
3.599999999999999,1.3099999999999992,2,0.6399999999999988,4.629999999999997,win
3.599999999999999,1.3099999999999992,2,0.6599999999999988,4.619999999999997,win
3.599999999999999,1.3199999999999992,2,0.6699999999999988,4.619999999999997,draw
3.599999999999999,1.3199999999999992,2,0.6499999999999988,4.639999999999997,loss
3.599999999999999,1.3299999999999992,2,0.6599999999999988,4.639999999999997,draw
3.599999999999999,1.3299999999999992,2,0.6699999999999988,4.639999999999997,draw
3.599999999999999,1.3399999999999992,2,0.6799999999999988,4.639999999999997,draw
3.599999999999999,1.3399999999999992,2,0.6599999999999988,4.659999999999997,loss
3.599999999999999,1.3199999999999992,2,0.6399999999999988,4.679999999999996,loss
3.599999999999999,1.3199999999999992,2,0.6199999999999988,4.699999999999996,loss
3.599999999999999,1.2999999999999992,2,0.5999999999999988,4.719999999999995,loss
3.599999999999999,1.2799999999999991,2,0.5799999999999987,4.739999999999995,loss
3.599999999999999,1.2799999999999991,2,0.5999999999999988,4.729999999999995,win
3.599999999999999,1.2799999999999991,2,0.5799999999999987,4.749999999999995,loss
3.599999999999999,1.2899999999999991,2,0.5899999999999987,4.749999999999995,draw
3.599999999999999,1.2899999999999991,2,0.6099999999999988,4.739999999999995,win
3.599999999999999,1.2899999999999991,2,0.6199999999999988,4.739999999999995,draw
3.599999999999999,1.2899999999999991,2,0.6299999999999988,4.739999999999995,draw
3.599999999999999,1.3099999999999992,2,0.6499999999999988,4.729999999999995,win
3.579999999999999,1.3099999999999992,2,0.6299999999999988,4.749999999999995,loss
3.579999999999999,1.3199999999999992,2,0.6399999999999988,4.749999999999995,draw
3.579999999999999,1.3199999999999992,2,0.6599999999999988,4.739999999999995,win
3.579999999999999,1.3199999999999992,2,0.6699999999999988,4.739999999999995,draw
3.579999999999999,1.3199999999999992,2,0.6499999999999988,4.7599999999999945,loss
3.579999999999999,1.3199999999999992,2,0.6299999999999988,4.779999999999994,loss
3.579999999999999,1.3199999999999992,2,0.6099999999999988,4.799999999999994,loss
3.579999999999999,1.3199999999999992,2,0.6199999999999988,4.799999999999994,draw
3.579999999999999,1.3199999999999992,2,0.5999999999999988,4.819999999999993,loss
3.579999999999999,1.3199999999999992,2,0.5799999999999987,4.839999999999993,loss
3.579999999999999,1.3199999999999992,2,0.5599999999999987,4.859999999999992,loss
3.579999999999999,1.3199999999999992,2,0.5699999999999987,4.859999999999992,draw
3.579999999999999,1.3399999999999992,2,0.5899999999999987,4.8499999999999925,win
3.579999999999999,1.3399999999999992,2,0.5999999999999988,4.8499999999999925,draw
3.579999999999999,1.3399999999999992,2,0.5799999999999987,4.869999999999992,loss
3.579999999999999,1.3399999999999992,2,0.5999999999999988,4.859999999999992,win
3.579999999999999,1.3599999999999992,2,0.6199999999999988,4.8499999999999925,win
3.579999999999999,1.3599999999999992,2,0.5999999999999988,4.869999999999992,loss
3.579999999999999,1.3599999999999992,2,0.6199999999999988,4.859999999999992,win
3.579999999999999,1.3599999999999992,2,0.6299999999999988,4.859999999999992,draw
3.579999999999999,1.3599999999999992,2,0.6099999999999988,4.879999999999992,loss
3.579999999999999,1.3599999999999992,2,0.6199999999999988,4.879999999999992,draw
3.579999999999999,1.3599999999999992,2,0.5999999999999988,4.8999999999999915,loss
3.579999999999999,1.3599999999999992,2,0.5799999999999987,4.919999999999991,loss
3.579999999999999,1.3599999999999992,2,0.5599999999999987,4.939999999999991,loss
3.579999999999999,1.3699999999999992,2,0.5699999999999987,4.939999999999991,draw
3.579999999999999,1.3699999999999992,2,0.5499999999999987,4.95999999999999,loss
3.579999999999999,1.3699999999999992,2,0.5599999999999987,4.95999999999999,draw
3.579999999999999,1.3499999999999992,2,0.5399999999999987,4.97999999999999,loss
3.579999999999999,1.3599999999999992,2,0.5499999999999987,4.97999999999999,draw
3.579999999999999,1.3799999999999992,2,0.5699999999999987,4.96999999999999,win
3.579999999999999,1.3799999999999992,2,0.5499999999999987,4.9899999999999896,loss
3.579999999999999,1.3799999999999992,2,0.5299999999999987,5.009999999999989,loss
3.579999999999999,1.3799999999999992,2,0.5399999999999987,5.009999999999989,draw
3.579999999999999,1.3799999999999992,2,0.5499999999999987,5.009999999999989,draw
3.579999999999999,1.3899999999999992,2,0.5599999999999987,5.009999999999989,draw
3.579999999999999,1.3899999999999992,2,0.5699999999999987,5.009999999999989,draw
3.579999999999999,1.3699999999999992,2,0.5499999999999987,5.029999999999989,loss
3.579999999999999,1.3699999999999992,2,0.5699999999999987,5.019999999999989,win
3.579999999999999,1.3499999999999992,2,0.5499999999999987,5.0399999999999885,loss
3.579999999999999,1.3499999999999992,2,0.5699999999999987,5.029999999999989,win
3.579999999999999,1.3299999999999992,2,0.5499999999999987,5.049999999999988,loss
3.579999999999999,1.3099999999999992,2,0.5299999999999987,5.069999999999988,loss
3.559999999999999,1.3099999999999992,2,0.5099999999999987,5.089999999999987,loss
3.559999999999999,1.3099999999999992,2,0.5299999999999987,5.079999999999988,win
3.539999999999999,1.3099999999999992,2,0.5099999999999987,5.099999999999987,loss
3.539999999999999,1.3099999999999992,2,0.5199999999999987,5.099999999999987,draw
3.539999999999999,1.3099999999999992,2,0.5299999999999987,5.099999999999987,draw
3.539999999999999,1.2899999999999991,2,0.5099999999999987,5.119999999999987,loss
3.539999999999999,1.2899999999999991,2,0.5199999999999987,5.119999999999987,draw
3.539999999999999,1.2899999999999991,2,0.5299999999999987,5.119999999999987,draw
3.539999999999999,1.2899999999999991,2,0.5399999999999987,5.119999999999987,draw
3.539999999999999,1.2899999999999991,2,0.5199999999999987,5.139999999999986,loss
3.539999999999999,1.2899999999999991,2,0.5399999999999987,5.129999999999987,win
3.539999999999999,1.2899999999999991,2,0.5599999999999987,5.119999999999987,win
3.539999999999999,1.2899999999999991,2,0.5399999999999987,5.139999999999986,loss
3.539999999999999,1.2999999999999992,2,0.5499999999999987,5.139999999999986,draw
3.539999999999999,1.3099999999999992,2,0.5599999999999987,5.139999999999986,draw
3.539999999999999,1.3099999999999992,2,0.5399999999999987,5.159999999999986,loss
3.539999999999999,1.3099999999999992,2,0.5199999999999987,5.1799999999999855,loss
3.539999999999999,1.3099999999999992,2,0.5299999999999987,5.1799999999999855,draw
3.539999999999999,1.2899999999999991,2,0.5099999999999987,5.199999999999985,loss
3.539999999999999,1.2899999999999991,2,0.5299999999999987,5.189999999999985,win
3.539999999999999,1.2699999999999991,2,0.5099999999999987,5.209999999999985,loss
3.539999999999999,1.2699999999999991,2,0.5299999999999987,5.199999999999985,win
3.539999999999999,1.2699999999999991,2,0.5299999999999987,5.189999999999985,win
3.539999999999999,1.2699999999999991,2,0.5099999999999987,5.209999999999985,loss
3.539999999999999,1.2699999999999991,2,0.5299999999999987,5.199999999999985,win
3.539999999999999,1.2699999999999991,2,0.5099999999999987,5.219999999999985,loss
3.539999999999999,1.2699999999999991,2,0.5199999999999987,5.219999999999985,draw
3.539999999999999,1.2699999999999991,2,0.5299999999999987,5.219999999999985,draw
3.539999999999999,1.2699999999999991,2,0.5399999999999987,5.219999999999985,draw
3.539999999999999,1.2699999999999991,2,0.5499999999999987,5.219999999999985,draw
3.539999999999999,1.2699999999999991,2,0.5299999999999987,5.239999999999984,loss
3.539999999999999,1.2699999999999991,2,0.5399999999999987,5.239999999999984,draw
3.539999999999999,1.2699999999999991,2,0.5199999999999987,5.259999999999984,loss
3.539999999999999,1.2699999999999991,2,0.5299999999999987,5.259999999999984,draw
3.539999999999999,1.2699999999999991,2,0.5399999999999987,5.259999999999984,draw
3.539999999999999,1.2699999999999991,2,0.5599999999999987,5.249999999999984,win
3.539999999999999,1.2699999999999991,2,0.5799999999999987,5.239999999999984,win
3.539999999999999,1.2699999999999991,2,0.5899999999999987,5.239999999999984,draw
3.539999999999999,1.2899999999999991,2,0.6099999999999988,5.229999999999984,win
3.539999999999999,1.2999999999999992,2,0.6199999999999988,5.229999999999984,draw
3.539999999999999,1.2999999999999992,2,0.6299999999999988,5.229999999999984,draw
3.539999999999999,1.3099999999999992,2,0.6399999999999988,5.229999999999984,draw
3.539999999999999,1.3099999999999992,2,0.6599999999999988,5.219999999999985,win
3.539999999999999,1.3099999999999992,2,0.6699999999999988,5.219999999999985,draw
3.539999999999999,1.3099999999999992,2,0.6899999999999988,5.209999999999985,win
3.539999999999999,1.3099999999999992,2,0.6999999999999988,5.209999999999985,draw
3.539999999999999,1.3099999999999992,2,0.7199999999999989,5.199999999999985,win
3.539999999999999,1.3099999999999992,2,0.6999999999999988,5.219999999999985,loss
3.539999999999999,1.3099999999999992,2,0.7099999999999989,5.219999999999985,draw
3.539999999999999,1.3099999999999992,2,0.7299999999999989,5.209999999999985,win
3.539999999999999,1.3099999999999992,2,0.7099999999999989,5.229999999999984,loss
3.539999999999999,1.3099999999999992,2,0.7199999999999989,5.229999999999984,draw
3.539999999999999,1.3099999999999992,2,0.6999999999999988,5.249999999999984,loss
3.539999999999999,1.3099999999999992,2,0.6799999999999988,5.269999999999984,loss
3.539999999999999,1.3299999999999992,2,0.6999999999999988,5.259999999999984,win
3.539999999999999,1.3499999999999992,2,0.7199999999999989,5.249999999999984,win
3.539999999999999,1.3499999999999992,2,0.7399999999999989,5.239999999999984,win
3.539999999999999,1.3499999999999992,2,0.7499999999999989,5.239999999999984,draw
3.539999999999999,1.3499999999999992,2,0.7299999999999989,5.259999999999984,loss
3.539999999999999,1.3299999999999992,2,0.7099999999999989,5.279999999999983,loss
3.539999999999999,1.3499999999999992,2,0.7299999999999989,5.269999999999984,win
3.539999999999999,1.3699999999999992,2,0.7499999999999989,5.259999999999984,win
3.539999999999999,1.3699999999999992,2,0.7699999999999989,5.249999999999984,win
3.539999999999999,1.3799999999999992,2,0.7799999999999989,5.249999999999984,draw
3.539999999999999,1.3599999999999992,2,0.7599999999999989,5.269999999999984,loss
3.539999999999999,1.3599999999999992,2,0.7699999999999989,5.269999999999984,draw
3.539999999999999,1.3599999999999992,2,0.7799999999999989,5.269999999999984,draw
3.519999999999999,1.3599999999999992,2,0.7599999999999989,5.289999999999983,loss
3.519999999999999,1.3399999999999992,2,0.7399999999999989,5.309999999999983,loss
3.519999999999999,1.3399999999999992,2,0.7599999999999989,5.299999999999983,win
3.519999999999999,1.3399999999999992,2,0.7399999999999989,5.3199999999999825,loss
3.519999999999999,1.3399999999999992,2,0.7499999999999989,5.3199999999999825,draw
3.519999999999999,1.3399999999999992,2,0.7699999999999989,5.309999999999983,win
3.519999999999999,1.3399999999999992,2,0.7799999999999989,5.309999999999983,draw
3.519999999999999,1.3399999999999992,2,0.7999999999999989,5.299999999999983,win
3.519999999999999,1.3199999999999992,2,0.7799999999999989,5.3199999999999825,loss
3.519999999999999,1.2999999999999992,2,0.7599999999999989,5.339999999999982,loss
3.519999999999999,1.3099999999999992,2,0.7699999999999989,5.339999999999982,draw
3.519999999999999,1.3099999999999992,2,0.7899999999999989,5.329999999999982,win
3.519999999999999,1.3099999999999992,2,0.7999999999999989,5.329999999999982,draw
3.539999999999999,1.3099999999999992,2,0.819999999999999,5.3199999999999825,win
3.539999999999999,1.2899999999999991,2,0.7999999999999989,5.339999999999982,loss
3.539999999999999,1.2899999999999991,2,0.8099999999999989,5.339999999999982,draw
3.539999999999999,1.2899999999999991,2,0.7899999999999989,5.359999999999982,loss
3.539999999999999,1.2899999999999991,2,0.7999999999999989,5.359999999999982,draw
3.539999999999999,1.3099999999999992,2,0.819999999999999,5.349999999999982,win
3.539999999999999,1.3099999999999992,2,0.839999999999999,5.339999999999982,win
3.539999999999999,1.3199999999999992,2,0.849999999999999,5.339999999999982,draw
3.539999999999999,1.3199999999999992,2,0.869999999999999,5.329999999999982,win
3.539999999999999,1.3199999999999992,2,0.849999999999999,5.349999999999982,loss
3.539999999999999,1.3199999999999992,2,0.829999999999999,5.3699999999999815,loss
3.539999999999999,1.3199999999999992,2,0.8099999999999989,5.389999999999981,loss
3.539999999999999,1.3199999999999992,2,0.829999999999999,5.379999999999981,win
3.539999999999999,1.3199999999999992,2,0.849999999999999,5.3699999999999815,win
3.539999999999999,1.3399999999999992,2,0.869999999999999,5.359999999999982,win
3.539999999999999,1.3199999999999992,2,0.849999999999999,5.379999999999981,loss
3.539999999999999,1.3199999999999992,2,0.859999999999999,5.379999999999981,draw
3.539999999999999,1.3199999999999992,2,0.839999999999999,5.399999999999981,loss
3.539999999999999,1.3199999999999992,2,0.819999999999999,5.41999999999998,loss
3.539999999999999,1.2999999999999992,2,0.7999999999999989,5.43999999999998,loss
3.539999999999999,1.2999999999999992,2,0.7799999999999989,5.4599999999999795,loss
3.539999999999999,1.2999999999999992,2,0.7999999999999989,5.44999999999998,win
3.539999999999999,1.2999999999999992,2,0.8099999999999989,5.44999999999998,draw
3.539999999999999,1.2999999999999992,2,0.7899999999999989,5.469999999999979,loss
3.539999999999999,1.2999999999999992,2,0.7999999999999989,5.469999999999979,draw
3.539999999999999,1.2999999999999992,2,0.7799999999999989,5.489999999999979,loss
3.539999999999999,1.2999999999999992,2,0.7899999999999989,5.489999999999979,draw
3.539999999999999,1.2799999999999991,2,0.7699999999999989,5.5099999999999785,loss
3.539999999999999,1.2799999999999991,2,0.7499999999999989,5.529999999999978,loss
3.539999999999999,1.2799999999999991,2,0.7299999999999989,5.549999999999978,loss
3.539999999999999,1.2799999999999991,2,0.7399999999999989,5.549999999999978,draw
3.539999999999999,1.2899999999999991,2,0.7499999999999989,5.549999999999978,draw
3.539999999999999,1.2699999999999991,2,0.7299999999999989,5.569999999999977,loss
3.539999999999999,1.2699999999999991,2,0.7399999999999989,5.569999999999977,draw
3.539999999999999,1.2699999999999991,2,0.7599999999999989,5.559999999999977,win
3.539999999999999,1.2699999999999991,2,0.7399999999999989,5.579999999999977,loss
3.539999999999999,1.2699999999999991,2,0.7599999999999989,5.569999999999977,win
3.539999999999999,1.2699999999999991,2,0.7399999999999989,5.589999999999977,loss
3.539999999999999,1.2699999999999991,2,0.7499999999999989,5.589999999999977,draw
3.539999999999999,1.2699999999999991,2,0.7699999999999989,5.579999999999977,win
3.539999999999999,1.2799999999999991,2,0.7799999999999989,5.579999999999977,draw
3.539999999999999,1.2799999999999991,2,0.7899999999999989,5.579999999999977,draw
3.539999999999999,1.2799999999999991,2,0.7999999999999989,5.579999999999977,draw
3.539999999999999,1.2799999999999991,2,0.7799999999999989,5.5999999999999766,loss
3.539999999999999,1.2799999999999991,2,0.7599999999999989,5.619999999999976,loss
3.539999999999999,1.2799999999999991,2,0.7699999999999989,5.619999999999976,draw
3.539999999999999,1.2799999999999991,2,0.7799999999999989,5.619999999999976,draw
3.539999999999999,1.2799999999999991,2,0.7599999999999989,5.639999999999976,loss
3.539999999999999,1.2799999999999991,2,0.7699999999999989,5.639999999999976,draw
3.539999999999999,1.2799999999999991,2,0.7499999999999989,5.659999999999975,loss
3.539999999999999,1.2599999999999991,2,0.7299999999999989,5.679999999999975,loss
3.539999999999999,1.2599999999999991,2,0.7499999999999989,5.669999999999975,win
3.539999999999999,1.2699999999999991,2,0.7599999999999989,5.669999999999975,draw
3.539999999999999,1.2699999999999991,2,0.7699999999999989,5.669999999999975,draw
3.539999999999999,1.2699999999999991,2,0.7499999999999989,5.689999999999975,loss
3.539999999999999,1.2699999999999991,2,0.7299999999999989,5.709999999999974,loss
3.539999999999999,1.2699999999999991,2,0.7499999999999989,5.699999999999974,win
3.539999999999999,1.2699999999999991,2,0.7599999999999989,5.699999999999974,draw
3.539999999999999,1.2699999999999991,2,0.7699999999999989,5.699999999999974,draw
3.539999999999999,1.2699999999999991,2,0.7499999999999989,5.719999999999974,loss
3.539999999999999,1.2699999999999991,2,0.7699999999999989,5.709999999999974,win
3.539999999999999,1.2699999999999991,2,0.7499999999999989,5.729999999999974,loss
3.539999999999999,1.2699999999999991,2,0.7599999999999989,5.729999999999974,draw
3.539999999999999,1.2699999999999991,2,0.7399999999999989,5.749999999999973,loss
3.539999999999999,1.2499999999999991,2,0.7199999999999989,5.769999999999973,loss
3.539999999999999,1.2499999999999991,2,0.7299999999999989,5.769999999999973,draw
3.539999999999999,1.2499999999999991,2,0.7399999999999989,5.769999999999973,draw
3.539999999999999,1.2499999999999991,2,0.7599999999999989,5.759999999999973,win
3.539999999999999,1.2499999999999991,2,0.7399999999999989,5.779999999999973,loss
3.539999999999999,1.229999999999999,2,0.7199999999999989,5.799999999999972,loss
3.539999999999999,1.229999999999999,2,0.7399999999999989,5.7899999999999725,win
3.539999999999999,1.229999999999999,2,0.7499999999999989,5.7899999999999725,draw
3.539999999999999,1.229999999999999,2,0.7599999999999989,5.7899999999999725,draw
3.539999999999999,1.229999999999999,2,0.7799999999999989,5.779999999999973,win
3.539999999999999,1.229999999999999,2,0.7899999999999989,5.779999999999973,draw
3.539999999999999,1.209999999999999,2,0.7699999999999989,5.799999999999972,loss
3.539999999999999,1.209999999999999,2,0.7499999999999989,5.819999999999972,loss
3.539999999999999,1.209999999999999,2,0.7299999999999989,5.839999999999971,loss
3.539999999999999,1.209999999999999,2,0.7099999999999989,5.859999999999971,loss
3.539999999999999,1.209999999999999,2,0.7299999999999989,5.849999999999971,win
3.539999999999999,1.209999999999999,2,0.7099999999999989,5.869999999999971,loss
3.539999999999999,1.209999999999999,2,0.7299999999999989,5.859999999999971,win
3.539999999999999,1.209999999999999,2,0.7099999999999989,5.879999999999971,loss
3.539999999999999,1.229999999999999,2,0.7299999999999989,5.869999999999971,win
3.539999999999999,1.229999999999999,2,0.7399999999999989,5.869999999999971,draw
3.539999999999999,1.229999999999999,2,0.7199999999999989,5.88999999999997,loss
3.539999999999999,1.229999999999999,2,0.7399999999999989,5.879999999999971,win
3.539999999999999,1.229999999999999,2,0.7199999999999989,5.89999999999997,loss
3.539999999999999,1.229999999999999,2,0.6999999999999988,5.91999999999997,loss
3.539999999999999,1.229999999999999,2,0.6799999999999988,5.939999999999969,loss
3.539999999999999,1.239999999999999,2,0.6899999999999988,5.939999999999969,draw
3.539999999999999,1.239999999999999,2,0.6699999999999988,5.959999999999969,loss
3.539999999999999,1.239999999999999,2,0.6499999999999988,5.9799999999999685,loss
3.539999999999999,1.239999999999999,2,0.6599999999999988,5.9799999999999685,draw
3.539999999999999,1.239999999999999,2,0.6399999999999988,5.999999999999968,loss
3.539999999999999,1.239999999999999,2,0.6199999999999988,6.019999999999968,loss
3.519999999999999,1.239999999999999,2,0.5999999999999988,6.039999999999967,loss
3.519999999999999,1.239999999999999,2,0.5799999999999987,6.059999999999967,loss
3.499999999999999,1.239999999999999,2,0.5599999999999987,6.079999999999966,loss
3.499999999999999,1.219999999999999,2,0.5399999999999987,6.099999999999966,loss
3.499999999999999,1.199999999999999,2,0.5199999999999987,6.1199999999999655,loss
3.499999999999999,1.209999999999999,2,0.5299999999999987,6.1199999999999655,draw
3.499999999999999,1.209999999999999,2,0.5499999999999987,6.109999999999966,win
3.499999999999999,1.209999999999999,2,0.5699999999999987,6.099999999999966,win
3.499999999999999,1.209999999999999,2,0.5899999999999987,6.089999999999966,win
3.499999999999999,1.229999999999999,2,0.6099999999999988,6.079999999999966,win
3.499999999999999,1.209999999999999,2,0.5899999999999987,6.099999999999966,loss
3.499999999999999,1.209999999999999,2,0.6099999999999988,6.089999999999966,win
3.499999999999999,1.209999999999999,2,0.5899999999999987,6.109999999999966,loss
3.499999999999999,1.209999999999999,2,0.6099999999999988,6.099999999999966,win
3.499999999999999,1.209999999999999,2,0.6199999999999988,6.099999999999966,draw
3.499999999999999,1.189999999999999,2,0.5999999999999988,6.1199999999999655,loss
3.499999999999999,1.189999999999999,2,0.6199999999999988,6.109999999999966,win
3.499999999999999,1.189999999999999,2,0.6399999999999988,6.099999999999966,win
3.499999999999999,1.189999999999999,2,0.6499999999999988,6.099999999999966,draw
3.499999999999999,1.189999999999999,2,0.6699999999999988,6.089999999999966,win
3.499999999999999,1.189999999999999,2,0.6499999999999988,6.109999999999966,loss
3.499999999999999,1.199999999999999,2,0.6599999999999988,6.109999999999966,draw
3.499999999999999,1.199999999999999,2,0.6699999999999988,6.109999999999966,draw
3.499999999999999,1.199999999999999,2,0.6499999999999988,6.129999999999965,loss
3.499999999999999,1.199999999999999,2,0.6599999999999988,6.129999999999965,draw
3.499999999999999,1.199999999999999,2,0.6799999999999988,6.1199999999999655,win
3.499999999999999,1.199999999999999,2,0.6599999999999988,6.139999999999965,loss
3.499999999999999,1.199999999999999,2,0.6399999999999988,6.159999999999965,loss
3.499999999999999,1.199999999999999,2,0.6599999999999988,6.149999999999965,win
3.499999999999999,1.199999999999999,2,0.6799999999999988,6.139999999999965,win
3.499999999999999,1.199999999999999,2,0.6999999999999988,6.129999999999965,win
3.499999999999999,1.199999999999999,2,0.7199999999999989,6.1199999999999655,win
3.499999999999999,1.179999999999999,2,0.6999999999999988,6.139999999999965,loss
3.499999999999999,1.179999999999999,2,0.7099999999999989,6.139999999999965,draw
3.499999999999999,1.179999999999999,2,0.7299999999999989,6.129999999999965,win
3.499999999999999,1.189999999999999,2,0.7399999999999989,6.129999999999965,draw
3.499999999999999,1.189999999999999,2,0.7199999999999989,6.149999999999965,loss
3.499999999999999,1.189999999999999,2,0.7299999999999989,6.149999999999965,draw
3.499999999999999,1.189999999999999,2,0.7399999999999989,6.149999999999965,draw
3.499999999999999,1.189999999999999,2,0.7599999999999989,6.139999999999965,win
3.499999999999999,1.189999999999999,2,0.7799999999999989,6.129999999999965,win
3.499999999999999,1.189999999999999,2,0.7999999999999989,6.1199999999999655,win
3.499999999999999,1.189999999999999,2,0.7799999999999989,6.139999999999965,loss
3.499999999999999,1.189999999999999,2,0.7999999999999989,6.129999999999965,win
3.499999999999999,1.189999999999999,2,0.7799999999999989,6.149999999999965,loss
3.499999999999999,1.189999999999999,2,0.7599999999999989,6.169999999999964,loss
3.499999999999999,1.169999999999999,2,0.7399999999999989,6.189999999999964,loss
3.499999999999999,1.169999999999999,2,0.7499999999999989,6.189999999999964,draw
3.479999999999999,1.169999999999999,2,0.7299999999999989,6.2099999999999635,loss
3.479999999999999,1.189999999999999,2,0.7499999999999989,6.199999999999964,win
3.479999999999999,1.189999999999999,2,0.7699999999999989,6.189999999999964,win
3.479999999999999,1.189999999999999,2,0.7799999999999989,6.189999999999964,draw
3.479999999999999,1.189999999999999,2,0.7999999999999989,6.179999999999964,win
3.479999999999999,1.189999999999999,2,0.7799999999999989,6.199999999999964,loss
3.479999999999999,1.189999999999999,2,0.7599999999999989,6.219999999999963,loss
3.479999999999999,1.189999999999999,2,0.7699999999999989,6.219999999999963,draw
3.479999999999999,1.189999999999999,2,0.7799999999999989,6.219999999999963,draw
3.479999999999999,1.189999999999999,2,0.7599999999999989,6.239999999999963,loss
3.479999999999999,1.189999999999999,2,0.7799999999999989,6.229999999999963,win
3.479999999999999,1.189999999999999,2,0.7599999999999989,6.249999999999963,loss
3.479999999999999,1.189999999999999,2,0.7399999999999989,6.269999999999962,loss
3.479999999999999,1.169999999999999,2,0.7199999999999989,6.289999999999962,loss
3.479999999999999,1.169999999999999,2,0.6999999999999988,6.309999999999961,loss
3.479999999999999,1.169999999999999,2,0.6799999999999988,6.329999999999961,loss
3.479999999999999,1.169999999999999,2,0.6999999999999988,6.319999999999961,win
3.479999999999999,1.169999999999999,2,0.7199999999999989,6.309999999999961,win
3.479999999999999,1.169999999999999,2,0.6999999999999988,6.329999999999961,loss
3.479999999999999,1.169999999999999,2,0.6799999999999988,6.349999999999961,loss
3.479999999999999,1.169999999999999,2,0.6599999999999988,6.36999999999996,loss
3.479999999999999,1.169999999999999,2,0.6399999999999988,6.38999999999996,loss
3.479999999999999,1.169999999999999,2,0.6499999999999988,6.38999999999996,draw
3.479999999999999,1.169999999999999,2,0.6599999999999988,6.38999999999996,draw
3.479999999999999,1.169999999999999,2,0.6399999999999988,6.409999999999959,loss
3.479999999999999,1.169999999999999,2,0.6199999999999988,6.429999999999959,loss
3.479999999999999,1.169999999999999,2,0.5999999999999988,6.449999999999958,loss
3.479999999999999,1.169999999999999,2,0.5799999999999987,6.469999999999958,loss
3.479999999999999,1.169999999999999,2,0.5599999999999987,6.489999999999958,loss
3.479999999999999,1.169999999999999,2,0.5699999999999987,6.489999999999958,draw
3.479999999999999,1.169999999999999,2,0.5799999999999987,6.489999999999958,draw
3.479999999999999,1.169999999999999,2,0.5599999999999987,6.509999999999957,loss
3.479999999999999,1.169999999999999,2,0.5799999999999987,6.499999999999957,win
3.479999999999999,1.169999999999999,2,0.5899999999999987,6.499999999999957,draw
3.479999999999999,1.169999999999999,2,0.5999999999999988,6.499999999999957,draw
3.479999999999999,1.169999999999999,2,0.6099999999999988,6.499999999999957,draw
3.479999999999999,1.169999999999999,2,0.6199999999999988,6.499999999999957,draw
3.479999999999999,1.169999999999999,2,0.5999999999999988,6.519999999999957,loss
3.479999999999999,1.169999999999999,2,0.6099999999999988,6.519999999999957,draw
3.479999999999999,1.169999999999999,2,0.5899999999999987,6.5399999999999565,loss
3.479999999999999,1.169999999999999,2,0.5999999999999988,6.5399999999999565,draw
3.479999999999999,1.169999999999999,2,0.6199999999999988,6.529999999999957,win
3.479999999999999,1.169999999999999,2,0.6299999999999988,6.529999999999957,draw
3.479999999999999,1.169999999999999,2,0.6499999999999988,6.519999999999957,win
3.479999999999999,1.189999999999999,2,0.6699999999999988,6.509999999999957,win
3.479999999999999,1.189999999999999,2,0.6499999999999988,6.529999999999957,loss
3.479999999999999,1.189999999999999,2,0.6299999999999988,6.549999999999956,loss
3.479999999999999,1.169999999999999,2,0.6099999999999988,6.569999999999956,loss
3.479999999999999,1.189999999999999,2,0.6299999999999988,6.559999999999956,win
3.479999999999999,1.189999999999999,2,0.6399999999999988,6.559999999999956,draw
3.479999999999999,1.189999999999999,2,0.6199999999999988,6.579999999999956,loss
3.479999999999999,1.189999999999999,2,0.5999999999999988,6.599999999999955,loss
3.479999999999999,1.189999999999999,2,0.5799999999999987,6.619999999999955,loss
3.479999999999999,1.189999999999999,2,0.5599999999999987,6.639999999999954,loss
3.479999999999999,1.199999999999999,2,0.5699999999999987,6.639999999999954,draw
3.479999999999999,1.199999999999999,2,0.5799999999999987,6.639999999999954,draw
3.479999999999999,1.199999999999999,2,0.5599999999999987,6.659999999999954,loss
3.479999999999999,1.199999999999999,2,0.5699999999999987,6.659999999999954,draw
3.479999999999999,1.199999999999999,2,0.5499999999999987,6.6799999999999535,loss
3.479999999999999,1.199999999999999,2,0.5299999999999987,6.699999999999953,loss
3.479999999999999,1.199999999999999,2,0.5399999999999987,6.699999999999953,draw
3.479999999999999,1.199999999999999,2,0.5199999999999987,6.719999999999953,loss
3.479999999999999,1.199999999999999,2,0.5299999999999987,6.719999999999953,draw
3.479999999999999,1.199999999999999,2,0.5099999999999987,6.739999999999952,loss
3.479999999999999,1.199999999999999,2,0.5299999999999987,6.7299999999999525,win
3.479999999999999,1.179999999999999,2,0.5099999999999987,6.749999999999952,loss
3.479999999999999,1.179999999999999,2,0.48999999999999866,6.769999999999952,loss
3.479999999999999,1.179999999999999,2,0.46999999999999864,6.789999999999951,loss
3.479999999999999,1.179999999999999,2,0.4499999999999986,6.809999999999951,loss
3.479999999999999,1.179999999999999,2,0.4299999999999986,6.82999999999995,loss
3.479999999999999,1.179999999999999,2,0.4499999999999986,6.8199999999999505,win
3.479999999999999,1.179999999999999,2,0.46999999999999864,6.809999999999951,win
3.479999999999999,1.179999999999999,2,0.48999999999999866,6.799999999999951,win
3.479999999999999,1.179999999999999,2,0.5099999999999987,6.789999999999951,win
3.479999999999999,1.199999999999999,2,0.5299999999999987,6.779999999999951,win
3.479999999999999,1.199999999999999,2,0.5099999999999987,6.799999999999951,loss
3.479999999999999,1.199999999999999,2,0.5199999999999987,6.799999999999951,draw
3.479999999999999,1.199999999999999,2,0.49999999999999867,6.8199999999999505,loss
3.479999999999999,1.199999999999999,2,0.47999999999999865,6.83999999999995,loss
3.479999999999999,1.199999999999999,2,0.48999999999999866,6.83999999999995,draw
3.479999999999999,1.179999999999999,2,0.46999999999999864,6.85999999999995,loss
3.479999999999999,1.179999999999999,2,0.48999999999999866,6.84999999999995,win
3.479999999999999,1.179999999999999,2,0.46999999999999864,6.8699999999999495,loss
3.479999999999999,1.179999999999999,2,0.48999999999999866,6.85999999999995,win
3.479999999999999,1.179999999999999,2,0.46999999999999864,6.879999999999949,loss
3.479999999999999,1.159999999999999,2,0.4499999999999986,6.899999999999949,loss
3.479999999999999,1.139999999999999,2,0.4299999999999986,6.919999999999948,loss
3.479999999999999,1.139999999999999,2,0.4099999999999986,6.939999999999948,loss
3.479999999999999,1.149999999999999,2,0.4199999999999986,6.939999999999948,draw
3.479999999999999,1.149999999999999,2,0.3999999999999986,6.959999999999948,loss
3.479999999999999,1.149999999999999,2,0.4199999999999986,6.949999999999948,win
3.479999999999999,1.169999999999999,2,0.4399999999999986,6.939999999999948,win
3.479999999999999,1.169999999999999,2,0.4499999999999986,6.939999999999948,draw
3.479999999999999,1.169999999999999,2,0.45999999999999863,6.939999999999948,draw
3.479999999999999,1.169999999999999,2,0.46999999999999864,6.939999999999948,draw
3.479999999999999,1.189999999999999,2,0.48999999999999866,6.929999999999948,win
3.479999999999999,1.189999999999999,2,0.5099999999999987,6.919999999999948,win
3.479999999999999,1.189999999999999,2,0.48999999999999866,6.939999999999948,loss
3.479999999999999,1.189999999999999,2,0.5099999999999987,6.929999999999948,win
3.479999999999999,1.209999999999999,2,0.5299999999999987,6.919999999999948,win
3.479999999999999,1.209999999999999,2,0.5399999999999987,6.919999999999948,draw
3.479999999999999,1.209999999999999,2,0.5199999999999987,6.939999999999948,loss
3.479999999999999,1.209999999999999,2,0.49999999999999867,6.959999999999948,loss
3.479999999999999,1.209999999999999,2,0.5199999999999987,6.949999999999948,win
3.479999999999999,1.209999999999999,2,0.5299999999999987,6.949999999999948,draw
3.479999999999999,1.209999999999999,2,0.5399999999999987,6.949999999999948,draw
3.479999999999999,1.209999999999999,2,0.5199999999999987,6.969999999999947,loss
3.479999999999999,1.209999999999999,2,0.49999999999999867,6.989999999999947,loss
3.479999999999999,1.209999999999999,2,0.5099999999999987,6.989999999999947,draw
3.479999999999999,1.209999999999999,2,0.5299999999999987,6.979999999999947,win
3.479999999999999,1.209999999999999,2,0.5499999999999987,6.969999999999947,win
3.479999999999999,1.209999999999999,2,0.5599999999999987,6.969999999999947,draw
3.479999999999999,1.189999999999999,2,0.5399999999999987,6.989999999999947,loss
3.479999999999999,1.189999999999999,2,0.5399999999999987,6.989999999999947,draw
3.479999999999999,1.189999999999999,2,0.5599999999999987,6.979999999999947,win
3.479999999999999,1.189999999999999,2,0.5799999999999987,6.969999999999947,win
3.479999999999999,1.189999999999999,2,0.5599999999999987,6.989999999999947,loss
3.479999999999999,1.189999999999999,2,0.5399999999999987,7.0099999999999465,loss
3.479999999999999,1.189999999999999,2,0.5199999999999987,7.029999999999946,loss
3.479999999999999,1.189999999999999,2,0.5299999999999987,7.029999999999946,draw
3.479999999999999,1.169999999999999,2,0.5099999999999987,7.049999999999946,loss
3.479999999999999,1.169999999999999,2,0.5299999999999987,7.039999999999946,win
3.479999999999999,1.179999999999999,2,0.5399999999999987,7.039999999999946,draw
3.479999999999999,1.179999999999999,2,0.5499999999999987,7.039999999999946,draw
3.479999999999999,1.179999999999999,2,0.5299999999999987,7.059999999999945,loss
3.479999999999999,1.179999999999999,2,0.5399999999999987,7.059999999999945,draw
3.479999999999999,1.179999999999999,2,0.5499999999999987,7.059999999999945,draw
3.479999999999999,1.179999999999999,2,0.5699999999999987,7.049999999999946,win
3.479999999999999,1.179999999999999,2,0.5499999999999987,7.069999999999945,loss
3.479999999999999,1.179999999999999,2,0.5699999999999987,7.059999999999945,win
3.479999999999999,1.179999999999999,2,0.5499999999999987,7.079999999999945,loss
3.479999999999999,1.179999999999999,2,0.5699999999999987,7.069999999999945,win
3.479999999999999,1.179999999999999,2,0.5899999999999987,7.059999999999945,win
3.479999999999999,1.179999999999999,2,0.5699999999999987,7.079999999999945,loss
3.479999999999999,1.179999999999999,2,0.5499999999999987,7.099999999999945,loss
3.479999999999999,1.189999999999999,2,0.5599999999999987,7.099999999999945,draw
3.479999999999999,1.189999999999999,2,0.5799999999999987,7.089999999999945,win
3.479999999999999,1.189999999999999,2,0.5599999999999987,7.109999999999944,loss
3.479999999999999,1.189999999999999,2,0.5399999999999987,7.129999999999944,loss
3.479999999999999,1.169999999999999,2,0.5199999999999987,7.1499999999999435,loss
3.479999999999999,1.189999999999999,2,0.5399999999999987,7.139999999999944,win
3.479999999999999,1.169999999999999,2,0.5199999999999987,7.159999999999943,loss
3.479999999999999,1.169999999999999,2,0.49999999999999867,7.179999999999943,loss
3.479999999999999,1.169999999999999,2,0.5099999999999987,7.179999999999943,draw
3.479999999999999,1.179999999999999,2,0.5199999999999987,7.179999999999943,draw
3.479999999999999,1.179999999999999,2,0.49999999999999867,7.1999999999999424,loss
3.479999999999999,1.179999999999999,2,0.47999999999999865,7.219999999999942,loss
3.479999999999999,1.179999999999999,2,0.49999999999999867,7.209999999999942,win
3.479999999999999,1.179999999999999,2,0.5099999999999987,7.209999999999942,draw
3.479999999999999,1.179999999999999,2,0.5199999999999987,7.209999999999942,draw
3.479999999999999,1.179999999999999,2,0.5299999999999987,7.209999999999942,draw
3.479999999999999,1.179999999999999,2,0.5099999999999987,7.229999999999942,loss
3.479999999999999,1.199999999999999,2,0.5299999999999987,7.219999999999942,win
3.479999999999999,1.199999999999999,2,0.5499999999999987,7.209999999999942,win
3.479999999999999,1.199999999999999,2,0.5299999999999987,7.229999999999942,loss
3.479999999999999,1.179999999999999,2,0.5099999999999987,7.249999999999941,loss
3.479999999999999,1.199999999999999,2,0.5299999999999987,7.239999999999942,win
3.479999999999999,1.199999999999999,2,0.5399999999999987,7.239999999999942,draw
3.479999999999999,1.199999999999999,2,0.5499999999999987,7.239999999999942,draw
3.479999999999999,1.199999999999999,2,0.5299999999999987,7.259999999999941,loss
3.479999999999999,1.199999999999999,2,0.5099999999999987,7.279999999999941,loss
3.479999999999999,1.199999999999999,2,0.48999999999999866,7.29999999999994,loss
3.479999999999999,1.199999999999999,2,0.49999999999999867,7.29999999999994,draw
3.479999999999999,1.199999999999999,2,0.47999999999999865,7.31999999999994,loss
3.479999999999999,1.209999999999999,2,0.48999999999999866,7.31999999999994,draw
3.479999999999999,1.229999999999999,2,0.5099999999999987,7.30999999999994,win
3.479999999999999,1.229999999999999,2,0.5199999999999987,7.30999999999994,draw
3.479999999999999,1.209999999999999,2,0.49999999999999867,7.32999999999994,loss
3.479999999999999,1.209999999999999,2,0.5099999999999987,7.32999999999994,draw
3.479999999999999,1.209999999999999,2,0.5199999999999987,7.32999999999994,draw
3.479999999999999,1.209999999999999,2,0.49999999999999867,7.349999999999939,loss
3.479999999999999,1.209999999999999,2,0.47999999999999865,7.369999999999939,loss
3.479999999999999,1.209999999999999,2,0.48999999999999866,7.369999999999939,draw
3.479999999999999,1.229999999999999,2,0.5099999999999987,7.359999999999939,win
3.479999999999999,1.229999999999999,2,0.5299999999999987,7.349999999999939,win
3.479999999999999,1.229999999999999,2,0.5499999999999987,7.3399999999999395,win
3.479999999999999,1.209999999999999,2,0.5299999999999987,7.359999999999939,loss
3.479999999999999,1.209999999999999,2,0.5399999999999987,7.359999999999939,draw
3.479999999999999,1.209999999999999,2,0.5499999999999987,7.359999999999939,draw
3.479999999999999,1.189999999999999,2,0.5299999999999987,7.379999999999939,loss
3.479999999999999,1.169999999999999,2,0.5099999999999987,7.399999999999938,loss
3.479999999999999,1.169999999999999,2,0.48999999999999866,7.419999999999938,loss
3.479999999999999,1.169999999999999,2,0.46999999999999864,7.439999999999937,loss
3.479999999999999,1.169999999999999,2,0.4499999999999986,7.459999999999937,loss
3.479999999999999,1.169999999999999,2,0.46999999999999864,7.449999999999937,win
3.479999999999999,1.169999999999999,2,0.4499999999999986,7.469999999999937,loss
3.479999999999999,1.169999999999999,2,0.46999999999999864,7.459999999999937,win
3.479999999999999,1.169999999999999,2,0.4499999999999986,7.4799999999999365,loss
3.479999999999999,1.169999999999999,2,0.4299999999999986,7.499999999999936,loss
3.479999999999999,1.169999999999999,2,0.4099999999999986,7.519999999999936,loss
3.479999999999999,1.169999999999999,2,0.38999999999999857,7.539999999999935,loss
3.479999999999999,1.169999999999999,2,0.3999999999999986,7.539999999999935,draw
3.479999999999999,1.169999999999999,2,0.37999999999999856,7.559999999999935,loss
3.479999999999999,1.169999999999999,2,0.35999999999999854,7.579999999999934,loss
3.479999999999999,1.179999999999999,2,0.36999999999999855,7.579999999999934,draw
3.479999999999999,1.159999999999999,2,0.34999999999999853,7.599999999999934,loss
3.479999999999999,1.159999999999999,2,0.36999999999999855,7.589999999999934,win
3.479999999999999,1.159999999999999,2,0.38999999999999857,7.579999999999934,win
3.479999999999999,1.159999999999999,2,0.4099999999999986,7.569999999999935,win
3.479999999999999,1.159999999999999,2,0.4199999999999986,7.569999999999935,draw
3.479999999999999,1.159999999999999,2,0.4299999999999986,7.569999999999935,draw
3.479999999999999,1.159999999999999,2,0.4099999999999986,7.589999999999934,loss
3.479999999999999,1.159999999999999,2,0.4199999999999986,7.589999999999934,draw
3.479999999999999,1.159999999999999,2,0.4399999999999986,7.579999999999934,win
3.479999999999999,1.159999999999999,2,0.45999999999999863,7.569999999999935,win
3.479999999999999,1.159999999999999,2,0.4399999999999986,7.589999999999934,loss
3.479999999999999,1.159999999999999,2,0.45999999999999863,7.579999999999934,win
3.479999999999999,1.179999999999999,2,0.47999999999999865,7.569999999999935,win
3.479999999999999,1.179999999999999,2,0.45999999999999863,7.589999999999934,loss
3.479999999999999,1.179999999999999,2,0.46999999999999864,7.589999999999934,draw
3.479999999999999,1.159999999999999,2,0.4499999999999986,7.609999999999934,loss
3.479999999999999,1.159999999999999,2,0.46999999999999864,7.599999999999934,win
3.479999999999999,1.169999999999999,2,0.47999999999999865,7.599999999999934,draw
3.479999999999999,1.169999999999999,2,0.45999999999999863,7.6199999999999335,loss
3.479999999999999,1.179999999999999,2,0.46999999999999864,7.6199999999999335,draw
3.479999999999999,1.179999999999999,2,0.4499999999999986,7.639999999999933,loss
3.479999999999999,1.179999999999999,2,0.45999999999999863,7.639999999999933,draw
3.479999999999999,1.179999999999999,2,0.46999999999999864,7.639999999999933,draw
3.479999999999999,1.179999999999999,2,0.47999999999999865,7.639999999999933,draw
3.479999999999999,1.179999999999999,2,0.48999999999999866,7.639999999999933,draw
3.479999999999999,1.179999999999999,2,0.46999999999999864,7.659999999999933,loss
3.479999999999999,1.179999999999999,2,0.47999999999999865,7.659999999999933,draw
3.479999999999999,1.179999999999999,2,0.49999999999999867,7.649999999999933,win
3.479999999999999,1.179999999999999,2,0.5199999999999987,7.639999999999933,win
3.479999999999999,1.179999999999999,2,0.5299999999999987,7.639999999999933,draw
3.479999999999999,1.179999999999999,2,0.5399999999999987,7.639999999999933,draw
3.479999999999999,1.179999999999999,2,0.5499999999999987,7.639999999999933,draw
3.479999999999999,1.179999999999999,2,0.5299999999999987,7.659999999999933,loss
3.479999999999999,1.189999999999999,2,0.5399999999999987,7.659999999999933,draw
3.479999999999999,1.169999999999999,2,0.5199999999999987,7.679999999999932,loss
3.479999999999999,1.169999999999999,2,0.5299999999999987,7.679999999999932,draw
3.479999999999999,1.189999999999999,2,0.5499999999999987,7.669999999999932,win
3.479999999999999,1.189999999999999,2,0.5299999999999987,7.689999999999932,loss
3.479999999999999,1.189999999999999,2,0.5099999999999987,7.709999999999932,loss
3.479999999999999,1.189999999999999,2,0.48999999999999866,7.729999999999931,loss
3.479999999999999,1.189999999999999,2,0.46999999999999864,7.749999999999931,loss
3.479999999999999,1.199999999999999,2,0.47999999999999865,7.749999999999931,draw
3.479999999999999,1.199999999999999,2,0.45999999999999863,7.76999999999993,loss
3.479999999999999,1.179999999999999,2,0.4399999999999986,7.78999999999993,loss
3.479999999999999,1.179999999999999,2,0.4499999999999986,7.78999999999993,draw
3.479999999999999,1.179999999999999,2,0.46999999999999864,7.77999999999993,win
3.479999999999999,1.179999999999999,2,0.48999999999999866,7.76999999999993,win
3.479999999999999,1.179999999999999,2,0.5099999999999987,7.7599999999999305,win
3.479999999999999,1.199999999999999,2,0.5299999999999987,7.749999999999931,win
3.479999999999999,1.179999999999999,2,0.5099999999999987,7.76999999999993,loss
3.479999999999999,1.179999999999999,2,0.48999999999999866,7.78999999999993,loss
3.479999999999999,1.179999999999999,2,0.5099999999999987,7.77999999999993,win
3.479999999999999,1.179999999999999,2,0.5199999999999987,7.77999999999993,draw
3.479999999999999,1.199999999999999,2,0.5399999999999987,7.76999999999993,win
3.479999999999999,1.179999999999999,2,0.5199999999999987,7.78999999999993,loss
3.479999999999999,1.179999999999999,2,0.5399999999999987,7.77999999999993,win
3.479999999999999,1.179999999999999,2,0.5199999999999987,7.79999999999993,loss
3.479999999999999,1.179999999999999,2,0.5399999999999987,7.78999999999993,win
3.479999999999999,1.179999999999999,2,0.5599999999999987,7.77999999999993,win
3.479999999999999,1.179999999999999,2,0.5799999999999987,7.76999999999993,win
3.479999999999999,1.179999999999999,2,0.5599999999999987,7.78999999999993,loss
3.479999999999999,1.179999999999999,2,0.5399999999999987,7.809999999999929,loss
3.479999999999999,1.179999999999999,2,0.5199999999999987,7.829999999999929,loss
3.479999999999999,1.179999999999999,2,0.49999999999999867,7.849999999999929,loss
3.479999999999999,1.179999999999999,2,0.5099999999999987,7.849999999999929,draw
3.479999999999999,1.179999999999999,2,0.48999999999999866,7.869999999999928,loss
3.479999999999999,1.179999999999999,2,0.5099999999999987,7.859999999999928,win
3.479999999999999,1.179999999999999,2,0.5299999999999987,7.849999999999929,win
3.479999999999999,1.179999999999999,2,0.5399999999999987,7.849999999999929,draw
3.479999999999999,1.179999999999999,2,0.5599999999999987,7.839999999999929,win
3.479999999999999,1.179999999999999,2,0.5699999999999987,7.839999999999929,draw
3.479999999999999,1.179999999999999,2,0.5499999999999987,7.859999999999928,loss
3.479999999999999,1.179999999999999,2,0.5299999999999987,7.879999999999928,loss
3.479999999999999,1.179999999999999,2,0.5499999999999987,7.869999999999928,win
3.479999999999999,1.179999999999999,2,0.5699999999999987,7.859999999999928,win
3.479999999999999,1.179999999999999,2,0.5499999999999987,7.879999999999928,loss
3.479999999999999,1.179999999999999,2,0.5299999999999987,7.8999999999999275,loss
3.479999999999999,1.179999999999999,2,0.5399999999999987,7.8999999999999275,draw
3.479999999999999,1.179999999999999,2,0.5499999999999987,7.8999999999999275,draw
3.479999999999999,1.179999999999999,2,0.5699999999999987,7.889999999999928,win
3.479999999999999,1.179999999999999,2,0.5899999999999987,7.879999999999928,win
3.479999999999999,1.179999999999999,2,0.5699999999999987,7.8999999999999275,loss
3.479999999999999,1.179999999999999,2,0.5799999999999987,7.8999999999999275,draw
3.479999999999999,1.179999999999999,2,0.5599999999999987,7.919999999999927,loss
3.479999999999999,1.179999999999999,2,0.5799999999999987,7.909999999999927,win
3.479999999999999,1.179999999999999,2,0.5899999999999987,7.909999999999927,draw
3.479999999999999,1.179999999999999,2,0.6099999999999988,7.8999999999999275,win
3.479999999999999,1.159999999999999,2,0.5899999999999987,7.919999999999927,loss
3.479999999999999,1.139999999999999,2,0.5699999999999987,7.939999999999927,loss
3.479999999999999,1.139999999999999,2,0.5499999999999987,7.959999999999926,loss
3.479999999999999,1.139999999999999,2,0.5699999999999987,7.9499999999999265,win
3.479999999999999,1.139999999999999,2,0.5499999999999987,7.969999999999926,loss
3.479999999999999,1.149999999999999,2,0.5599999999999987,7.969999999999926,draw
3.479999999999999,1.149999999999999,2,0.5699999999999987,7.969999999999926,draw
3.479999999999999,1.149999999999999,2,0.5799999999999987,7.969999999999926,draw
3.479999999999999,1.149999999999999,2,0.5899999999999987,7.969999999999926,draw
3.479999999999999,1.149999999999999,2,0.5699999999999987,7.989999999999926,loss
3.479999999999999,1.149999999999999,2,0.5499999999999987,8.009999999999925,loss
3.479999999999999,1.149999999999999,2,0.5299999999999987,8.029999999999925,loss
3.479999999999999,1.149999999999999,2,0.5499999999999987,8.019999999999925,win
3.479999999999999,1.159999999999999,2,0.5599999999999987,8.019999999999925,draw
3.479999999999999,1.159999999999999,2,0.5799999999999987,8.009999999999925,win
3.479999999999999,1.159999999999999,2,0.5899999999999987,8.009999999999925,draw
3.479999999999999,1.159999999999999,2,0.5999999999999988,8.009999999999925,draw
3.479999999999999,1.179999999999999,2,0.6199999999999988,7.999999999999925,win
3.479999999999999,1.179999999999999,2,0.6399999999999988,7.989999999999926,win
3.479999999999999,1.179999999999999,2,0.6199999999999988,8.009999999999925,loss
3.479999999999999,1.179999999999999,2,0.6299999999999988,8.009999999999925,draw
3.479999999999999,1.179999999999999,2,0.6399999999999988,8.009999999999925,draw
3.479999999999999,1.179999999999999,2,0.6499999999999988,8.009999999999925,draw
3.479999999999999,1.189999999999999,2,0.6599999999999988,8.009999999999925,draw
3.479999999999999,1.189999999999999,2,0.6399999999999988,8.029999999999925,loss
3.479999999999999,1.189999999999999,2,0.6199999999999988,8.049999999999924,loss
3.479999999999999,1.189999999999999,2,0.6399999999999988,8.039999999999925,win
3.479999999999999,1.189999999999999,2,0.6499999999999988,8.039999999999925,draw
3.479999999999999,1.189999999999999,2,0.6299999999999988,8.059999999999924,loss
3.479999999999999,1.189999999999999,2,0.6099999999999988,8.079999999999924,loss
3.479999999999999,1.189999999999999,2,0.5899999999999987,8.099999999999923,loss
3.479999999999999,1.199999999999999,2,0.5999999999999988,8.099999999999923,draw
3.479999999999999,1.199999999999999,2,0.6099999999999988,8.099999999999923,draw
3.479999999999999,1.199999999999999,2,0.5899999999999987,8.119999999999923,loss
3.479999999999999,1.199999999999999,2,0.5999999999999988,8.119999999999923,draw
3.479999999999999,1.179999999999999,2,0.5799999999999987,8.139999999999922,loss
3.479999999999999,1.179999999999999,2,0.5599999999999987,8.159999999999922,loss
3.479999999999999,1.179999999999999,2,0.5799999999999987,8.149999999999922,win
3.479999999999999,1.159999999999999,2,0.5599999999999987,8.169999999999922,loss
3.479999999999999,1.159999999999999,2,0.5699999999999987,8.169999999999922,draw
3.479999999999999,1.159999999999999,2,0.5799999999999987,8.169999999999922,draw
3.479999999999999,1.159999999999999,2,0.5899999999999987,8.169999999999922,draw
3.479999999999999,1.169999999999999,2,0.5999999999999988,8.169999999999922,draw
3.479999999999999,1.169999999999999,2,0.6099999999999988,8.169999999999922,draw
3.479999999999999,1.169999999999999,2,0.5899999999999987,8.189999999999921,loss
3.479999999999999,1.179999999999999,2,0.5999999999999988,8.189999999999921,draw
3.479999999999999,1.179999999999999,2,0.5799999999999987,8.209999999999921,loss
3.479999999999999,1.159999999999999,2,0.5599999999999987,8.22999999999992,loss
3.479999999999999,1.179999999999999,2,0.5799999999999987,8.21999999999992,win
3.479999999999999,1.179999999999999,2,0.5599999999999987,8.23999999999992,loss
3.479999999999999,1.179999999999999,2,0.5799999999999987,8.22999999999992,win
3.479999999999999,1.159999999999999,2,0.5599999999999987,8.24999999999992,loss
3.479999999999999,1.159999999999999,2,0.5799999999999987,8.23999999999992,win
3.479999999999999,1.159999999999999,2,0.5599999999999987,8.25999999999992,loss
3.479999999999999,1.159999999999999,2,0.5799999999999987,8.24999999999992,win
3.479999999999999,1.159999999999999,2,0.5599999999999987,8.26999999999992,loss
3.479999999999999,1.159999999999999,2,0.5399999999999987,8.28999999999992,loss
3.479999999999999,1.159999999999999,2,0.5599999999999987,8.27999999999992,win
3.479999999999999,1.159999999999999,2,0.5799999999999987,8.26999999999992,win
3.479999999999999,1.159999999999999,2,0.5999999999999988,8.25999999999992,win
3.479999999999999,1.159999999999999,2,0.6099999999999988,8.25999999999992,draw
3.479999999999999,1.169999999999999,2,0.6199999999999988,8.25999999999992,draw
3.479999999999999,1.169999999999999,2,0.5999999999999988,8.27999999999992,loss
3.479999999999999,1.169999999999999,2,0.6199999999999988,8.26999999999992,win
3.479999999999999,1.149999999999999,2,0.5999999999999988,8.28999999999992,loss
3.479999999999999,1.149999999999999,2,0.5799999999999987,8.309999999999919,loss
3.479999999999999,1.149999999999999,2,0.5899999999999987,8.309999999999919,draw
3.479999999999999,1.149999999999999,2,0.5999999999999988,8.309999999999919,draw
3.479999999999999,1.149999999999999,2,0.6099999999999988,8.309999999999919,draw
3.479999999999999,1.149999999999999,2,0.6299999999999988,8.299999999999919,win
3.479999999999999,1.149999999999999,2,0.6399999999999988,8.299999999999919,draw
3.479999999999999,1.149999999999999,2,0.6599999999999988,8.28999999999992,win
3.479999999999999,1.149999999999999,2,0.6399999999999988,8.309999999999919,loss
3.479999999999999,1.129999999999999,2,0.6199999999999988,8.329999999999918,loss
3.479999999999999,1.129999999999999,2,0.6399999999999988,8.319999999999919,win
3.479999999999999,1.129999999999999,2,0.6199999999999988,8.339999999999918,loss
3.479999999999999,1.129999999999999,2,0.6399999999999988,8.329999999999918,win
3.479999999999999,1.129999999999999,2,0.6499999999999988,8.329999999999918,draw
3.479999999999999,1.109999999999999,2,0.6299999999999988,8.349999999999918,loss
3.479999999999999,1.109999999999999,2,0.6499999999999988,8.339999999999918,win
3.479999999999999,1.109999999999999,2,0.6699999999999988,8.329999999999918,win
3.479999999999999,1.109999999999999,2,0.6899999999999988,8.319999999999919,win
3.479999999999999,1.089999999999999,2,0.6699999999999988,8.339999999999918,loss
3.479999999999999,1.099999999999999,2,0.6799999999999988,8.339999999999918,draw
3.479999999999999,1.099999999999999,2,0.6899999999999988,8.339999999999918,draw
3.479999999999999,1.079999999999999,2,0.6699999999999988,8.359999999999918,loss
3.479999999999999,1.079999999999999,2,0.6899999999999988,8.349999999999918,win
3.479999999999999,1.059999999999999,2,0.6699999999999988,8.369999999999918,loss
3.479999999999999,1.059999999999999,2,0.6799999999999988,8.369999999999918,draw
3.479999999999999,1.059999999999999,2,0.6599999999999988,8.389999999999917,loss
3.479999999999999,1.059999999999999,2,0.6399999999999988,8.409999999999917,loss
3.479999999999999,1.059999999999999,2,0.6599999999999988,8.399999999999917,win
3.479999999999999,1.059999999999999,2,0.6399999999999988,8.419999999999916,loss
3.479999999999999,1.039999999999999,2,0.6199999999999988,8.439999999999916,loss
3.479999999999999,1.039999999999999,2,0.6399999999999988,8.429999999999916,win
3.479999999999999,1.039999999999999,2,0.6499999999999988,8.429999999999916,draw
3.479999999999999,1.039999999999999,2,0.6299999999999988,8.449999999999916,loss
3.479999999999999,1.039999999999999,2,0.6099999999999988,8.469999999999915,loss
3.479999999999999,1.039999999999999,2,0.6299999999999988,8.459999999999916,win
3.479999999999999,1.039999999999999,2,0.6099999999999988,8.479999999999915,loss
3.479999999999999,1.039999999999999,2,0.5899999999999987,8.499999999999915,loss
3.489999999999999,1.039999999999999,2,0.5999999999999988,8.499999999999915,draw
3.489999999999999,1.039999999999999,2,0.6099999999999988,8.499999999999915,draw
3.489999999999999,1.039999999999999,2,0.6299999999999988,8.489999999999915,win
3.489999999999999,1.039999999999999,2,0.6099999999999988,8.509999999999915,loss
3.489999999999999,1.039999999999999,2,0.6299999999999988,8.499999999999915,win
3.489999999999999,1.039999999999999,2,0.6399999999999988,8.499999999999915,draw
3.489999999999999,1.049999999999999,2,0.6499999999999988,8.499999999999915,draw
3.489999999999999,1.049999999999999,2,0.6699999999999988,8.489999999999915,win
3.489999999999999,1.029999999999999,2,0.6499999999999988,8.509999999999915,loss
3.489999999999999,1.029999999999999,2,0.6299999999999988,8.529999999999914,loss
3.489999999999999,1.029999999999999,2,0.6499999999999988,8.519999999999914,win
3.489999999999999,1.029999999999999,2,0.6699999999999988,8.509999999999915,win
3.489999999999999,1.029999999999999,2,0.6499999999999988,8.529999999999914,loss
3.489999999999999,1.029999999999999,2,0.6699999999999988,8.519999999999914,win
3.489999999999999,1.009999999999999,2,0.6499999999999988,8.539999999999914,loss
3.489999999999999,1.009999999999999,2,0.6699999999999988,8.529999999999914,win
3.489999999999999,1.019999999999999,2,0.6799999999999988,8.529999999999914,draw
3.489999999999999,1.019999999999999,2,0.6599999999999988,8.549999999999914,loss
3.489999999999999,1.019999999999999,2,0.6399999999999988,8.569999999999913,loss
3.489999999999999,1.019999999999999,2,0.6499999999999988,8.569999999999913,draw
3.489999999999999,1.019999999999999,2,0.6299999999999988,8.589999999999913,loss
3.489999999999999,0.9999999999999989,2,0.6099999999999988,8.609999999999912,loss
3.489999999999999,1.019999999999999,2,0.6299999999999988,8.599999999999913,win
3.489999999999999,1.019999999999999,2,0.6399999999999988,8.599999999999913,draw
3.489999999999999,1.019999999999999,2,0.6199999999999988,8.619999999999912,loss
3.489999999999999,1.019999999999999,2,0.5999999999999988,8.639999999999912,loss
3.489999999999999,1.019999999999999,2,0.5799999999999987,8.659999999999911,loss
3.489999999999999,1.019999999999999,2,0.5999999999999988,8.649999999999912,win
3.489999999999999,1.019999999999999,2,0.5799999999999987,8.669999999999911,loss
3.489999999999999,1.019999999999999,2,0.5899999999999987,8.669999999999911,draw
3.489999999999999,1.019999999999999,2,0.5999999999999988,8.669999999999911,draw
3.489999999999999,1.019999999999999,2,0.6099999999999988,8.669999999999911,draw
3.489999999999999,1.019999999999999,2,0.5899999999999987,8.68999999999991,loss
3.489999999999999,1.019999999999999,2,0.5699999999999987,8.70999999999991,loss
3.489999999999999,1.019999999999999,2,0.5499999999999987,8.72999999999991,loss
3.489999999999999,1.029999999999999,2,0.5599999999999987,8.72999999999991,draw
3.489999999999999,1.039999999999999,2,0.5699999999999987,8.72999999999991,draw
3.489999999999999,1.039999999999999,2,0.5499999999999987,8.74999999999991,loss
3.489999999999999,1.039999999999999,2,0.5599999999999987,8.74999999999991,draw
3.489999999999999,1.039999999999999,2,0.5399999999999987,8.769999999999909,loss
3.489999999999999,1.039999999999999,2,0.5199999999999987,8.789999999999909,loss
