3.98,2,2,1.98,0.52,loss
3.98,1.98,2,1.96,0.54,loss
3.96,1.98,2,1.94,0.56,loss
3.94,1.98,2,1.92,0.5800000000000001,loss
3.92,1.98,2,1.9,0.6000000000000001,loss
3.9,1.98,2,1.88,0.6200000000000001,loss
3.88,1.98,2,1.8599999999999999,0.6400000000000001,loss
3.86,1.98,2,1.8399999999999999,0.6600000000000001,loss
3.84,1.98,2,1.8199999999999998,0.6800000000000002,loss
3.82,1.98,2,1.7999999999999998,0.7000000000000002,loss
3.8,1.98,2,1.7799999999999998,0.7200000000000002,loss
3.78,1.98,2,1.7599999999999998,0.7400000000000002,loss
3.76,1.98,2,1.7399999999999998,0.7600000000000002,loss
3.7399999999999998,1.98,2,1.7199999999999998,0.7800000000000002,loss
3.7199999999999998,1.98,2,1.6999999999999997,0.8000000000000003,loss
3.6999999999999997,1.98,2,1.6799999999999997,0.8200000000000003,loss
3.6799999999999997,1.98,2,1.6599999999999997,0.8400000000000003,loss
3.6599999999999997,1.98,2,1.6399999999999997,0.8600000000000003,loss
3.6399999999999997,1.98,2,1.6199999999999997,0.8800000000000003,loss
3.6199999999999997,1.98,2,1.5999999999999996,0.9000000000000004,loss
3.5999999999999996,1.98,2,1.5799999999999996,0.9200000000000004,loss
3.5799999999999996,1.98,2,1.5599999999999996,0.9400000000000004,loss
3.5599999999999996,1.98,2,1.5399999999999996,0.9600000000000004,loss
3.5399999999999996,1.98,2,1.5199999999999996,0.9800000000000004,loss
3.5199999999999996,1.98,2,1.4999999999999996,1.0000000000000004,loss
3.4999999999999996,1.98,2,1.4799999999999995,1.0200000000000005,loss
3.4799999999999995,1.98,2,1.4599999999999995,1.0400000000000005,loss
3.4599999999999995,1.98,2,1.4399999999999995,1.0600000000000005,loss
3.4599999999999995,1.98,2,1.4199999999999995,1.0800000000000005,draw
3.4399999999999995,1.98,2,1.3999999999999995,1.1000000000000005,loss
3.4399999999999995,1.98,2,1.3799999999999994,1.1200000000000006,loss
3.4399999999999995,1.98,2,1.3599999999999994,1.1400000000000006,loss
3.4199999999999995,1.98,2,1.3399999999999994,1.1600000000000006,draw
3.3999999999999995,1.98,2,1.3199999999999994,1.1800000000000006,loss
3.3799999999999994,1.98,2,1.2999999999999994,1.2000000000000006,loss
3.3599999999999994,1.98,2,1.2799999999999994,1.2200000000000006,loss
3.3399999999999994,1.98,2,1.2599999999999993,1.2400000000000007,loss
3.3399999999999994,1.96,2,1.2399999999999993,1.2600000000000007,loss
3.3199999999999994,1.96,2,1.2199999999999993,1.2800000000000007,loss
3.3199999999999994,1.96,2,1.1999999999999993,1.3000000000000007,loss
3.2999999999999994,1.96,2,1.1799999999999993,1.3200000000000007,loss
3.2799999999999994,1.96,2,1.1599999999999993,1.3400000000000007,loss
3.2799999999999994,1.94,2,1.1399999999999992,1.3600000000000008,loss
3.2599999999999993,1.94,2,1.1199999999999992,1.3800000000000008,loss
3.2599999999999993,1.94,2,1.1399999999999992,1.3700000000000008,win
3.2599999999999993,1.92,2,1.1199999999999992,1.3900000000000008,draw
3.2399999999999993,1.92,2,1.0999999999999992,1.4100000000000008,loss
3.2199999999999993,1.92,2,1.0799999999999992,1.4300000000000008,loss
3.2199999999999993,1.9,2,1.0599999999999992,1.4500000000000008,loss
3.2199999999999993,1.9,2,1.0399999999999991,1.4700000000000009,loss
3.1999999999999993,1.9,2,1.0199999999999991,1.4900000000000009,loss
3.1999999999999993,1.9,2,0.9999999999999991,1.510000000000001,loss
3.1999999999999993,1.9,2,0.9799999999999991,1.530000000000001,loss
3.1999999999999993,1.88,2,0.9599999999999991,1.550000000000001,loss
3.1799999999999993,1.88,2,0.9399999999999991,1.570000000000001,loss
3.1799999999999993,1.8599999999999999,2,0.919999999999999,1.590000000000001,loss
3.1799999999999993,1.8399999999999999,2,0.899999999999999,1.610000000000001,loss
3.1799999999999993,1.8199999999999998,2,0.879999999999999,1.630000000000001,loss
3.1999999999999993,1.8199999999999998,2,0.899999999999999,1.620000000000001,win
3.1999999999999993,1.7999999999999998,2,0.879999999999999,1.640000000000001,loss
3.1799999999999993,1.7799999999999998,2,0.859999999999999,1.660000000000001,loss
3.1799999999999993,1.7799999999999998,2,0.839999999999999,1.680000000000001,draw
3.1799999999999993,1.7799999999999998,2,0.819999999999999,1.700000000000001,draw
3.1799999999999993,1.7799999999999998,2,0.7999999999999989,1.720000000000001,draw
3.1599999999999993,1.7599999999999998,2,0.7799999999999989,1.740000000000001,loss
3.1599999999999993,1.7599999999999998,2,0.7999999999999989,1.730000000000001,win
3.1599999999999993,1.7399999999999998,2,0.7799999999999989,1.750000000000001,loss
3.1599999999999993,1.7199999999999998,2,0.7599999999999989,1.7700000000000011,draw
3.1599999999999993,1.6999999999999997,2,0.7399999999999989,1.7900000000000011,loss
3.1599999999999993,1.6799999999999997,2,0.7199999999999989,1.8100000000000012,loss
3.1599999999999993,1.6599999999999997,2,0.6999999999999988,1.8300000000000012,draw
3.1599999999999993,1.6599999999999997,2,0.6799999999999988,1.8500000000000012,draw
3.1599999999999993,1.6599999999999997,2,0.6999999999999988,1.8400000000000012,win
3.1399999999999992,1.6599999999999997,2,0.6799999999999988,1.8600000000000012,loss
3.1399999999999992,1.6399999999999997,2,0.6599999999999988,1.8800000000000012,draw
3.1399999999999992,1.6399999999999997,2,0.6799999999999988,1.8700000000000012,win
3.1399999999999992,1.6399999999999997,2,0.6999999999999988,1.8600000000000012,win
3.1399999999999992,1.6199999999999997,2,0.6799999999999988,1.8800000000000012,loss
3.1399999999999992,1.5999999999999996,2,0.6599999999999988,1.9000000000000012,draw
3.1399999999999992,1.5999999999999996,2,0.6799999999999988,1.8900000000000012,win
3.1399999999999992,1.5999999999999996,2,0.6599999999999988,1.9100000000000013,loss
3.1399999999999992,1.6199999999999997,2,0.6799999999999988,1.9000000000000012,win
3.1399999999999992,1.6199999999999997,2,0.6599999999999988,1.9200000000000013,draw
3.1399999999999992,1.5999999999999996,2,0.6399999999999988,1.9400000000000013,loss
3.1399999999999992,1.5799999999999996,2,0.6199999999999988,1.9600000000000013,loss
3.1399999999999992,1.5599999999999996,2,0.5999999999999988,1.9800000000000013,loss
3.1399999999999992,1.5399999999999996,2,0.5799999999999987,2.0000000000000013,draw
3.1399999999999992,1.5599999999999996,2,0.5999999999999988,1.9900000000000013,win
3.1399999999999992,1.5599999999999996,2,0.6199999999999988,1.9800000000000013,win
3.1399999999999992,1.5399999999999996,2,0.5999999999999988,2.0000000000000013,loss
3.1399999999999992,1.5199999999999996,2,0.5799999999999987,2.0200000000000014,loss
3.1399999999999992,1.5199999999999996,2,0.5999999999999988,2.0100000000000016,win
3.1399999999999992,1.4999999999999996,2,0.5799999999999987,2.0300000000000016,loss
3.1399999999999992,1.5199999999999996,2,0.5999999999999988,2.020000000000002,win
3.119999999999999,1.5199999999999996,2,0.5799999999999987,2.040000000000002,loss
3.119999999999999,1.5199999999999996,2,0.5999999999999988,2.030000000000002,win
3.119999999999999,1.4999999999999996,2,0.5799999999999987,2.050000000000002,loss
3.119999999999999,1.4799999999999995,2,0.5599999999999987,2.070000000000002,draw
3.119999999999999,1.4799999999999995,2,0.5399999999999987,2.090000000000002,draw
3.119999999999999,1.4599999999999995,2,0.5199999999999987,2.110000000000002,draw
3.119999999999999,1.4399999999999995,2,0.49999999999999867,2.130000000000002,loss
3.119999999999999,1.4399999999999995,2,0.47999999999999865,2.150000000000002,loss
3.119999999999999,1.4399999999999995,2,0.45999999999999863,2.170000000000002,draw
3.119999999999999,1.4399999999999995,2,0.4399999999999986,2.190000000000002,loss
3.119999999999999,1.4399999999999995,2,0.4199999999999986,2.210000000000002,draw
3.119999999999999,1.4399999999999995,2,0.3999999999999986,2.230000000000002,draw
3.119999999999999,1.4199999999999995,2,0.37999999999999856,2.250000000000002,loss
3.119999999999999,1.4199999999999995,2,0.35999999999999854,2.2700000000000022,loss
3.119999999999999,1.4399999999999995,2,0.37999999999999856,2.2600000000000025,win
3.119999999999999,1.4199999999999995,2,0.35999999999999854,2.2800000000000025,draw
3.119999999999999,1.4199999999999995,2,0.3399999999999985,2.3000000000000025,loss
3.119999999999999,1.4199999999999995,2,0.3199999999999985,2.3200000000000025,loss
3.119999999999999,1.4399999999999995,2,0.3399999999999985,2.3100000000000027,win
3.119999999999999,1.4399999999999995,2,0.35999999999999854,2.300000000000003,win
3.119999999999999,1.4399999999999995,2,0.3399999999999985,2.320000000000003,loss
3.119999999999999,1.4399999999999995,2,0.35999999999999854,2.310000000000003,win
3.119999999999999,1.4599999999999995,2,0.37999999999999856,2.3000000000000034,win
3.119999999999999,1.4599999999999995,2,0.3999999999999986,2.2900000000000036,win
3.119999999999999,1.4399999999999995,2,0.37999999999999856,2.3100000000000036,loss
3.119999999999999,1.4199999999999995,2,0.35999999999999854,2.3300000000000036,loss
3.119999999999999,1.4199999999999995,2,0.37999999999999856,2.320000000000004,win
3.119999999999999,1.4199999999999995,2,0.35999999999999854,2.340000000000004,loss
3.119999999999999,1.4199999999999995,2,0.3399999999999985,2.360000000000004,loss
3.119999999999999,1.4399999999999995,2,0.35999999999999854,2.350000000000004,win
3.119999999999999,1.4399999999999995,2,0.3399999999999985,2.370000000000004,draw
3.119999999999999,1.4399999999999995,2,0.3199999999999985,2.390000000000004,loss
3.119999999999999,1.4399999999999995,2,0.2999999999999985,2.410000000000004,draw
3.119999999999999,1.4399999999999995,2,0.2799999999999985,2.430000000000004,draw
3.119999999999999,1.4399999999999995,2,0.25999999999999845,2.450000000000004,draw
3.099999999999999,1.4399999999999995,2,0.23999999999999846,2.470000000000004,loss
3.099999999999999,1.4199999999999995,2,0.21999999999999847,2.490000000000004,draw
3.099999999999999,1.4199999999999995,2,0.23999999999999846,2.4800000000000044,win
3.099999999999999,1.4199999999999995,2,0.21999999999999847,2.5000000000000044,loss
3.099999999999999,1.4199999999999995,2,0.19999999999999848,2.5200000000000045,loss
3.099999999999999,1.4199999999999995,2,0.21999999999999847,2.5100000000000047,win
3.099999999999999,1.3999999999999995,2,0.19999999999999848,2.5300000000000047,loss
3.099999999999999,1.3799999999999994,2,0.1799999999999985,2.5500000000000047,loss
3.079999999999999,1.3799999999999994,2,0.1599999999999985,2.5700000000000047,loss
3.079999999999999,1.3599999999999994,2,0.13999999999999851,2.5900000000000047,loss
3.079999999999999,1.3599999999999994,2,0.11999999999999851,2.6100000000000048,loss
3.079999999999999,1.3599999999999994,2,0.0999999999999985,2.630000000000005,loss
3.079999999999999,1.3399999999999994,2,0.0799999999999985,2.650000000000005,draw
3.079999999999999,1.3399999999999994,2,0.0599999999999985,2.670000000000005,loss
3.079999999999999,1.3199999999999994,2,0.039999999999998495,2.690000000000005,loss
3.079999999999999,1.3199999999999994,2,0.019999999999998495,2.710000000000005,draw
3.079999999999999,1.3199999999999994,2,0.039999999999998495,2.700000000000005,win
3.079999999999999,1.2999999999999994,2,0.019999999999998495,2.720000000000005,draw
3.079999999999999,1.2999999999999994,2,0.039999999999998495,2.7100000000000053,win
3.059999999999999,1.2999999999999994,2,0.019999999999998495,2.7300000000000053,loss
3.059999999999999,1.2999999999999994,2,0.039999999999998495,2.7200000000000055,win
3.059999999999999,1.2999999999999994,2,0.019999999999998495,2.7400000000000055,draw
3.059999999999999,1.2999999999999994,2,0.039999999999998495,2.7300000000000058,win
3.059999999999999,1.3199999999999994,2,0.0599999999999985,2.720000000000006,win
3.059999999999999,1.3199999999999994,2,0.039999999999998495,2.740000000000006,loss
3.059999999999999,1.3199999999999994,2,0.0599999999999985,2.730000000000006,win
3.059999999999999,1.3199999999999994,2,0.039999999999998495,2.750000000000006,loss
3.059999999999999,1.3199999999999994,2,0.019999999999998495,2.7700000000000062,loss
3.059999999999999,1.3199999999999994,2,-1.5057399771478686e-15,2.7900000000000063,loss
3.059999999999999,1.3199999999999994,2,-0.020000000000001506,2.8100000000000063,loss
3.059999999999999,1.3199999999999994,2,-0.04000000000000151,2.8300000000000063,loss
3.059999999999999,1.2999999999999994,2,-0.06000000000000151,2.8500000000000063,loss
3.059999999999999,1.2999999999999994,2,-0.04000000000000151,2.8400000000000065,win
3.059999999999999,1.2799999999999994,2,-0.06000000000000151,2.8600000000000065,loss
3.059999999999999,1.2799999999999994,2,-0.04000000000000151,2.8500000000000068,win
3.059999999999999,1.2799999999999994,2,-0.06000000000000151,2.8700000000000068,loss
3.059999999999999,1.2599999999999993,2,-0.08000000000000151,2.890000000000007,loss
3.059999999999999,1.2599999999999993,2,-0.10000000000000152,2.910000000000007,loss
3.059999999999999,1.2799999999999994,2,-0.08000000000000151,2.900000000000007,win
3.059999999999999,1.2999999999999994,2,-0.06000000000000151,2.8900000000000072,win
3.059999999999999,1.2999999999999994,2,-0.08000000000000151,2.9100000000000072,draw
3.059999999999999,1.2799999999999994,2,-0.10000000000000152,2.9300000000000073,draw
3.059999999999999,1.2799999999999994,2,-0.12000000000000152,2.9500000000000073,draw
3.059999999999999,1.2599999999999993,2,-0.1400000000000015,2.9700000000000073,draw
3.059999999999999,1.2399999999999993,2,-0.1600000000000015,2.9900000000000073,draw
3.059999999999999,1.2399999999999993,2,-0.1800000000000015,3.0100000000000073,loss
3.059999999999999,1.2399999999999993,2,-0.1600000000000015,3.0000000000000075,win
3.059999999999999,1.2399999999999993,2,-0.1800000000000015,3.0200000000000076,draw
3.059999999999999,1.2399999999999993,2,-0.1600000000000015,3.010000000000008,win
3.059999999999999,1.2399999999999993,2,-0.1800000000000015,3.030000000000008,loss
3.059999999999999,1.2199999999999993,2,-0.20000000000000148,3.050000000000008,loss
3.059999999999999,1.1999999999999993,2,-0.22000000000000147,3.070000000000008,loss
3.059999999999999,1.1999999999999993,2,-0.24000000000000146,3.090000000000008,draw
3.059999999999999,1.1999999999999993,2,-0.26000000000000145,3.110000000000008,draw
3.059999999999999,1.1999999999999993,2,-0.24000000000000146,3.100000000000008,win
3.059999999999999,1.1999999999999993,2,-0.22000000000000147,3.0900000000000083,win
3.059999999999999,1.1999999999999993,2,-0.20000000000000148,3.0800000000000085,win
3.059999999999999,1.1999999999999993,2,-0.1800000000000015,3.0700000000000087,win
3.059999999999999,1.1999999999999993,2,-0.1600000000000015,3.060000000000009,win
3.059999999999999,1.1999999999999993,2,-0.1400000000000015,3.050000000000009,win
3.059999999999999,1.1999999999999993,2,-0.12000000000000151,3.0400000000000094,win
3.059999999999999,1.1999999999999993,2,-0.1000000000000015,3.0300000000000096,win
3.059999999999999,1.1999999999999993,2,-0.12000000000000151,3.0500000000000096,loss
3.059999999999999,1.1999999999999993,2,-0.1400000000000015,3.0700000000000096,loss
3.059999999999999,1.1999999999999993,2,-0.1600000000000015,3.0900000000000096,loss
3.059999999999999,1.1999999999999993,2,-0.1800000000000015,3.1100000000000096,loss
3.059999999999999,1.1999999999999993,2,-0.20000000000000148,3.1300000000000097,loss
3.059999999999999,1.1999999999999993,2,-0.22000000000000147,3.1500000000000097,loss
3.059999999999999,1.1799999999999993,2,-0.24000000000000146,3.1700000000000097,draw
3.059999999999999,1.1799999999999993,2,-0.22000000000000147,3.16000000000001,win
3.059999999999999,1.1999999999999993,2,-0.20000000000000148,3.15000000000001,win
3.059999999999999,1.1799999999999993,2,-0.22000000000000147,3.17000000000001,loss
3.059999999999999,1.1799999999999993,2,-0.24000000000000146,3.19000000000001,loss
3.059999999999999,1.1799999999999993,2,-0.26000000000000145,3.21000000000001,draw
3.059999999999999,1.1599999999999993,2,-0.28000000000000147,3.23000000000001,loss
3.059999999999999,1.1599999999999993,2,-0.3000000000000015,3.25000000000001,draw
3.059999999999999,1.1599999999999993,2,-0.3200000000000015,3.2700000000000102,loss
3.059999999999999,1.1399999999999992,2,-0.3400000000000015,3.2900000000000102,loss
3.059999999999999,1.1399999999999992,2,-0.36000000000000154,3.3100000000000103,draw
3.059999999999999,1.1399999999999992,2,-0.38000000000000156,3.3300000000000103,loss
3.059999999999999,1.1399999999999992,2,-0.38000000000000156,3.3500000000000103,draw
3.059999999999999,1.1399999999999992,2,-0.36000000000000154,3.3400000000000105,win
3.059999999999999,1.1399999999999992,2,-0.38000000000000156,3.3600000000000105,loss
3.059999999999999,1.1399999999999992,2,-0.4000000000000016,3.3800000000000106,draw
3.059999999999999,1.1599999999999993,2,-0.38000000000000156,3.3700000000000108,win
3.059999999999999,1.1599999999999993,2,-0.4000000000000016,3.390000000000011,loss
3.059999999999999,1.1599999999999993,2,-0.4200000000000016,3.410000000000011,draw
3.059999999999999,1.1599999999999993,2,-0.4400000000000016,3.430000000000011,loss
3.059999999999999,1.1399999999999992,2,-0.46000000000000163,3.450000000000011,draw
3.059999999999999,1.1399999999999992,2,-0.4400000000000016,3.440000000000011,win
3.059999999999999,1.1399999999999992,2,-0.46000000000000163,3.460000000000011,draw
3.059999999999999,1.1399999999999992,2,-0.48000000000000165,3.480000000000011,draw
3.059999999999999,1.1399999999999992,2,-0.46000000000000163,3.4700000000000113,win
3.059999999999999,1.1399999999999992,2,-0.48000000000000165,3.4900000000000113,draw
3.059999999999999,1.1399999999999992,2,-0.5000000000000017,3.5100000000000113,draw
3.059999999999999,1.1399999999999992,2,-0.5200000000000017,3.5300000000000114,draw
3.059999999999999,1.1399999999999992,2,-0.5400000000000017,3.5500000000000114,draw
3.059999999999999,1.1399999999999992,2,-0.5600000000000017,3.5700000000000114,loss
3.059999999999999,1.1399999999999992,2,-0.5800000000000017,3.5900000000000114,loss
3.059999999999999,1.1399999999999992,2,-0.5600000000000017,3.5800000000000116,win
3.059999999999999,1.1399999999999992,2,-0.5800000000000017,3.6000000000000116,draw
3.059999999999999,1.1399999999999992,2,-0.6000000000000018,3.6200000000000117,loss
3.059999999999999,1.1399999999999992,2,-0.5800000000000017,3.610000000000012,win
3.059999999999999,1.1399999999999992,2,-0.6000000000000018,3.630000000000012,loss
3.059999999999999,1.1399999999999992,2,-0.5800000000000017,3.620000000000012,win
3.059999999999999,1.1399999999999992,2,-0.5600000000000017,3.6100000000000123,win
3.059999999999999,1.1199999999999992,2,-0.5800000000000017,3.6300000000000123,draw
3.059999999999999,1.0999999999999992,2,-0.6000000000000018,3.6500000000000123,draw
3.059999999999999,1.0999999999999992,2,-0.6200000000000018,3.6700000000000124,loss
3.059999999999999,1.0999999999999992,2,-0.6200000000000018,3.6900000000000124,draw
3.059999999999999,1.0999999999999992,2,-0.6000000000000018,3.6800000000000126,win
3.059999999999999,1.0999999999999992,2,-0.6200000000000018,3.7000000000000126,loss
3.059999999999999,1.0799999999999992,2,-0.6400000000000018,3.7200000000000126,draw
3.059999999999999,1.0799999999999992,2,-0.6600000000000018,3.7400000000000126,loss
3.059999999999999,1.0799999999999992,2,-0.6800000000000018,3.7600000000000127,loss
3.059999999999999,1.0799999999999992,2,-0.7000000000000018,3.7800000000000127,draw
3.059999999999999,1.0599999999999992,2,-0.7200000000000019,3.8000000000000127,draw
3.059999999999999,1.0599999999999992,2,-0.7400000000000019,3.8200000000000127,loss
3.059999999999999,1.0599999999999992,2,-0.7600000000000019,3.8400000000000127,loss
3.059999999999999,1.0599999999999992,2,-0.7800000000000019,3.8600000000000128,draw
3.059999999999999,1.0599999999999992,2,-0.8000000000000019,3.8800000000000128,draw
3.059999999999999,1.0599999999999992,2,-0.820000000000002,3.900000000000013,draw
3.059999999999999,1.0599999999999992,2,-0.840000000000002,3.920000000000013,draw
3.059999999999999,1.0799999999999992,2,-0.840000000000002,3.910000000000013,win
3.059999999999999,1.0799999999999992,2,-0.860000000000002,3.930000000000013,draw
3.059999999999999,1.0799999999999992,2,-0.880000000000002,3.950000000000013,loss
3.059999999999999,1.0799999999999992,2,-0.860000000000002,3.9400000000000133,win
3.059999999999999,1.0799999999999992,2,-0.840000000000002,3.9300000000000135,win
3.059999999999999,1.0999999999999992,2,-0.820000000000002,3.9200000000000137,win
3.059999999999999,1.1199999999999992,2,-0.8000000000000019,3.910000000000014,win
3.059999999999999,1.1199999999999992,2,-0.7800000000000019,3.900000000000014,win
3.059999999999999,1.1199999999999992,2,-0.8000000000000019,3.920000000000014,loss
3.059999999999999,1.1199999999999992,2,-0.7800000000000019,3.9100000000000144,win
3.059999999999999,1.1399999999999992,2,-0.7600000000000019,3.9000000000000146,win
3.059999999999999,1.1599999999999993,2,-0.7400000000000019,3.890000000000015,win
3.059999999999999,1.1599999999999993,2,-0.7600000000000019,3.910000000000015,draw
3.059999999999999,1.1599999999999993,2,-0.7800000000000019,3.930000000000015,loss
3.059999999999999,1.1599999999999993,2,-0.7800000000000019,3.950000000000015,draw
3.059999999999999,1.1599999999999993,2,-0.8000000000000019,3.970000000000015,draw
3.059999999999999,1.1599999999999993,2,-0.820000000000002,3.990000000000015,loss
3.059999999999999,1.1399999999999992,2,-0.840000000000002,4.010000000000015,draw
3.059999999999999,1.1199999999999992,2,-0.860000000000002,4.0300000000000145,draw
3.059999999999999,1.1199999999999992,2,-0.840000000000002,4.020000000000015,win
3.059999999999999,1.1199999999999992,2,-0.820000000000002,4.010000000000015,win
3.059999999999999,1.1199999999999992,2,-0.840000000000002,4.0300000000000145,loss
3.059999999999999,1.1199999999999992,2,-0.860000000000002,4.050000000000014,loss
3.059999999999999,1.1199999999999992,2,-0.880000000000002,4.070000000000014,draw
3.059999999999999,1.1199999999999992,2,-0.900000000000002,4.090000000000013,loss
3.059999999999999,1.1199999999999992,2,-0.920000000000002,4.110000000000013,loss
3.059999999999999,1.1199999999999992,2,-0.900000000000002,4.100000000000013,win
3.059999999999999,1.1199999999999992,2,-0.880000000000002,4.090000000000013,win
3.059999999999999,1.1199999999999992,2,-0.880000000000002,4.110000000000013,draw
3.059999999999999,1.1199999999999992,2,-0.860000000000002,4.100000000000013,win
3.059999999999999,1.1199999999999992,2,-0.880000000000002,4.1200000000000125,loss
3.059999999999999,1.1199999999999992,2,-0.900000000000002,4.140000000000012,draw
3.059999999999999,1.1199999999999992,2,-0.920000000000002,4.160000000000012,loss
3.059999999999999,1.0999999999999992,2,-0.9400000000000021,4.180000000000011,loss
3.059999999999999,1.1199999999999992,2,-0.920000000000002,4.1700000000000115,win
3.059999999999999,1.1399999999999992,2,-0.900000000000002,4.160000000000012,win
3.059999999999999,1.1399999999999992,2,-0.920000000000002,4.180000000000011,draw
3.059999999999999,1.1399999999999992,2,-0.9400000000000021,4.200000000000011,draw
3.059999999999999,1.1399999999999992,2,-0.920000000000002,4.190000000000011,win
3.059999999999999,1.1399999999999992,2,-0.900000000000002,4.180000000000011,win
3.059999999999999,1.1399999999999992,2,-0.900000000000002,4.1700000000000115,win
3.059999999999999,1.1399999999999992,2,-0.920000000000002,4.190000000000011,loss
3.059999999999999,1.1399999999999992,2,-0.9400000000000021,4.210000000000011,loss
3.059999999999999,1.1399999999999992,2,-0.9600000000000021,4.23000000000001,draw
3.059999999999999,1.1199999999999992,2,-0.9800000000000021,4.25000000000001,loss
3.039999999999999,1.1199999999999992,2,-0.9800000000000021,4.270000000000009,loss
3.039999999999999,1.1199999999999992,2,-1.000000000000002,4.290000000000009,loss
3.039999999999999,1.1199999999999992,2,-1.020000000000002,4.3100000000000085,draw
3.039999999999999,1.1399999999999992,2,-1.000000000000002,4.300000000000009,win
3.039999999999999,1.1399999999999992,2,-1.020000000000002,4.320000000000008,loss
3.039999999999999,1.1399999999999992,2,-1.000000000000002,4.3100000000000085,win
3.039999999999999,1.1399999999999992,2,-0.980000000000002,4.300000000000009,win
3.039999999999999,1.1399999999999992,2,-1.000000000000002,4.320000000000008,draw
3.039999999999999,1.1399999999999992,2,-1.020000000000002,4.340000000000008,loss
3.039999999999999,1.1399999999999992,2,-1.000000000000002,4.330000000000008,win
3.039999999999999,1.1399999999999992,2,-1.020000000000002,4.350000000000008,draw
3.039999999999999,1.1399999999999992,2,-1.040000000000002,4.370000000000007,draw
3.039999999999999,1.1399999999999992,2,-1.060000000000002,4.390000000000007,draw
3.039999999999999,1.1399999999999992,2,-1.080000000000002,4.410000000000006,loss
3.039999999999999,1.1199999999999992,2,-1.100000000000002,4.430000000000006,loss
3.039999999999999,1.1199999999999992,2,-1.100000000000002,4.4500000000000055,draw
3.039999999999999,1.1199999999999992,2,-1.120000000000002,4.470000000000005,draw
3.039999999999999,1.1399999999999992,2,-1.100000000000002,4.460000000000005,win
3.039999999999999,1.1399999999999992,2,-1.120000000000002,4.480000000000005,draw
3.039999999999999,1.1399999999999992,2,-1.1400000000000021,4.500000000000004,loss
3.039999999999999,1.1399999999999992,2,-1.120000000000002,4.490000000000005,win
3.039999999999999,1.1399999999999992,2,-1.1400000000000021,4.510000000000004,draw
3.039999999999999,1.1599999999999993,2,-1.120000000000002,4.500000000000004,win
3.039999999999999,1.1599999999999993,2,-1.1400000000000021,4.520000000000004,draw
3.039999999999999,1.1599999999999993,2,-1.1600000000000021,4.540000000000004,loss
3.039999999999999,1.1599999999999993,2,-1.1800000000000022,4.560000000000003,loss
3.039999999999999,1.1599999999999993,2,-1.2000000000000022,4.580000000000003,draw
3.039999999999999,1.1399999999999992,2,-1.2200000000000022,4.600000000000002,draw
3.039999999999999,1.1399999999999992,2,-1.2400000000000022,4.620000000000002,loss
3.039999999999999,1.1399999999999992,2,-1.2600000000000022,4.6400000000000015,loss
3.039999999999999,1.1199999999999992,2,-1.2800000000000022,4.660000000000001,loss
3.039999999999999,1.1199999999999992,2,-1.2600000000000022,4.650000000000001,win
3.039999999999999,1.1199999999999992,2,-1.2400000000000022,4.6400000000000015,win
3.039999999999999,1.1199999999999992,2,-1.2200000000000022,4.630000000000002,win
3.039999999999999,1.1199999999999992,2,-1.2400000000000022,4.650000000000001,draw
3.039999999999999,1.1199999999999992,2,-1.2600000000000022,4.670000000000001,draw
3.039999999999999,1.1199999999999992,2,-1.2400000000000022,4.660000000000001,win
3.039999999999999,1.1199999999999992,2,-1.2600000000000022,4.680000000000001,draw
3.039999999999999,1.1199999999999992,2,-1.2800000000000022,4.7,loss
3.039999999999999,1.0999999999999992,2,-1.3000000000000023,4.72,loss
3.039999999999999,1.0999999999999992,2,-1.2800000000000022,4.71,win
3.039999999999999,1.0999999999999992,2,-1.2600000000000022,4.7,win
3.039999999999999,1.0999999999999992,2,-1.2400000000000022,4.69,win
3.039999999999999,1.0799999999999992,2,-1.2600000000000022,4.71,draw
3.039999999999999,1.0799999999999992,2,-1.2800000000000022,4.7299999999999995,draw
3.019999999999999,1.0799999999999992,2,-1.3000000000000023,4.749999999999999,loss
3.019999999999999,1.0799999999999992,2,-1.2800000000000022,4.739999999999999,win
3.019999999999999,1.0799999999999992,2,-1.2600000000000022,4.7299999999999995,win
3.019999999999999,1.0799999999999992,2,-1.2400000000000022,4.72,win
3.019999999999999,1.0799999999999992,2,-1.2600000000000022,4.739999999999999,loss
3.019999999999999,1.0799999999999992,2,-1.2800000000000022,4.759999999999999,loss
3.019999999999999,1.0799999999999992,2,-1.3000000000000023,4.7799999999999985,draw
3.019999999999999,1.0799999999999992,2,-1.2800000000000022,4.769999999999999,win
3.019999999999999,1.0799999999999992,2,-1.3000000000000023,4.789999999999998,loss
3.019999999999999,1.0799999999999992,2,-1.3200000000000023,4.809999999999998,loss
3.019999999999999,1.0799999999999992,2,-1.3000000000000023,4.799999999999998,win
3.019999999999999,1.0799999999999992,2,-1.3200000000000023,4.819999999999998,draw
3.019999999999999,1.0799999999999992,2,-1.3400000000000023,4.839999999999997,draw
3.019999999999999,1.0799999999999992,2,-1.3200000000000023,4.829999999999997,win
3.019999999999999,1.0799999999999992,2,-1.3400000000000023,4.849999999999997,draw
3.019999999999999,1.0799999999999992,2,-1.3600000000000023,4.8699999999999966,loss
3.019999999999999,1.0799999999999992,2,-1.3400000000000023,4.859999999999997,win
3.019999999999999,1.0799999999999992,2,-1.3600000000000023,4.879999999999996,draw
3.019999999999999,1.0999999999999992,2,-1.3400000000000023,4.8699999999999966,win
3.019999999999999,1.0999999999999992,2,-1.3600000000000023,4.889999999999996,loss
3.019999999999999,1.0799999999999992,2,-1.3800000000000023,4.909999999999996,draw
3.019999999999999,1.0599999999999992,2,-1.4000000000000024,4.929999999999995,loss
3.019999999999999,1.0599999999999992,2,-1.4200000000000024,4.949999999999995,draw
3.019999999999999,1.0399999999999991,2,-1.4400000000000024,4.969999999999994,loss
3.019999999999999,1.0399999999999991,2,-1.4600000000000024,4.989999999999994,draw
3.019999999999999,1.0399999999999991,2,-1.4800000000000024,5.009999999999994,draw
3.019999999999999,1.0399999999999991,2,-1.4800000000000024,4.999999999999994,win
3.019999999999999,1.0399999999999991,2,-1.4600000000000024,4.989999999999994,win
3.019999999999999,1.0199999999999991,2,-1.4800000000000024,5.009999999999994,loss
3.019999999999999,1.0199999999999991,2,-1.5000000000000024,5.029999999999993,loss
3.019999999999999,1.0199999999999991,2,-1.4800000000000024,5.019999999999993,win
3.019999999999999,1.0199999999999991,2,-1.5000000000000024,5.039999999999993,draw
3.019999999999999,1.0199999999999991,2,-1.4800000000000024,5.029999999999993,win
3.019999999999999,1.0199999999999991,2,-1.5000000000000024,5.049999999999993,loss
3.019999999999999,1.0199999999999991,2,-1.4800000000000024,5.039999999999993,win
3.019999999999999,1.0199999999999991,2,-1.5000000000000024,5.0599999999999925,draw
3.019999999999999,1.0199999999999991,2,-1.4800000000000024,5.049999999999993,win
3.019999999999999,1.0199999999999991,2,-1.5000000000000024,5.069999999999992,loss
3.019999999999999,1.0199999999999991,2,-1.5200000000000025,5.089999999999992,draw
3.019999999999999,1.0199999999999991,2,-1.5400000000000025,5.109999999999991,loss
3.019999999999999,1.0199999999999991,2,-1.5400000000000025,5.129999999999991,draw
3.019999999999999,1.0199999999999991,2,-1.5600000000000025,5.149999999999991,draw
3.019999999999999,1.0199999999999991,2,-1.5400000000000025,5.139999999999991,win
3.019999999999999,0.9999999999999991,2,-1.5600000000000025,5.15999999999999,loss
3.019999999999999,0.9799999999999991,2,-1.5800000000000025,5.17999999999999,loss
3.019999999999999,0.9799999999999991,2,-1.5600000000000025,5.16999999999999,win
3.019999999999999,0.9599999999999991,2,-1.5800000000000025,5.18999999999999,loss
3.019999999999999,0.9599999999999991,2,-1.6000000000000025,5.209999999999989,draw
3.019999999999999,0.9599999999999991,2,-1.6200000000000025,5.229999999999989,loss
3.019999999999999,0.9599999999999991,2,-1.6000000000000025,5.219999999999989,win
3.019999999999999,0.9599999999999991,2,-1.5800000000000025,5.209999999999989,win
3.019999999999999,0.9599999999999991,2,-1.6000000000000025,5.229999999999989,draw
3.019999999999999,0.9399999999999991,2,-1.6200000000000025,5.2499999999999885,draw
3.019999999999999,0.9399999999999991,2,-1.6400000000000026,5.269999999999988,loss
3.019999999999999,0.9399999999999991,2,-1.6600000000000026,5.289999999999988,draw
3.019999999999999,0.9399999999999991,2,-1.6800000000000026,5.309999999999987,draw
3.019999999999999,0.9399999999999991,2,-1.7000000000000026,5.329999999999987,draw
3.019999999999999,0.9399999999999991,2,-1.6800000000000026,5.319999999999987,win
3.019999999999999,0.9399999999999991,2,-1.7000000000000026,5.3399999999999865,loss
3.019999999999999,0.9399999999999991,2,-1.7200000000000026,5.359999999999986,loss
3.019999999999999,0.9399999999999991,2,-1.7400000000000027,5.379999999999986,draw
3.019999999999999,0.9399999999999991,2,-1.7600000000000027,5.399999999999985,loss
3.019999999999999,0.9399999999999991,2,-1.7800000000000027,5.419999999999985,draw
3.019999999999999,0.9399999999999991,2,-1.8000000000000027,5.439999999999984,loss
3.019999999999999,0.919999999999999,2,-1.8200000000000027,5.459999999999984,loss
3.019999999999999,0.919999999999999,2,-1.8400000000000027,5.4799999999999836,draw
3.019999999999999,0.919999999999999,2,-1.8600000000000028,5.499999999999983,loss
3.019999999999999,0.919999999999999,2,-1.8400000000000027,5.489999999999983,win
3.019999999999999,0.919999999999999,2,-1.8200000000000027,5.4799999999999836,win
3.019999999999999,0.919999999999999,2,-1.8400000000000027,5.499999999999983,draw
3.019999999999999,0.919999999999999,2,-1.8600000000000028,5.519999999999983,loss
3.019999999999999,0.919999999999999,2,-1.8800000000000028,5.539999999999982,draw
3.019999999999999,0.919999999999999,2,-1.8800000000000028,5.5299999999999825,win
3.019999999999999,0.899999999999999,2,-1.9000000000000028,5.549999999999982,draw
2.999999999999999,0.899999999999999,2,-1.9200000000000028,5.569999999999982,loss
2.999999999999999,0.899999999999999,2,-1.9400000000000028,5.589999999999981,loss
2.999999999999999,0.899999999999999,2,-1.9200000000000028,5.579999999999981,win
2.999999999999999,0.899999999999999,2,-1.9000000000000028,5.569999999999982,win
2.999999999999999,0.899999999999999,2,-1.8800000000000028,5.559999999999982,win
2.999999999999999,0.899999999999999,2,-1.9000000000000028,5.579999999999981,draw
2.999999999999999,0.899999999999999,2,-1.9200000000000028,5.599999999999981,draw
2.999999999999999,0.899999999999999,2,-1.9400000000000028,5.619999999999981,loss
2.999999999999999,0.899999999999999,2,-1.9400000000000028,5.63999999999998,draw
2.999999999999999,0.899999999999999,2,-1.9600000000000029,5.65999999999998,loss
2.999999999999999,0.899999999999999,2,-1.9800000000000029,5.679999999999979,loss
2.999999999999999,0.899999999999999,2,-2.0000000000000027,5.699999999999979,draw
2.999999999999999,0.879999999999999,2,-2.0200000000000027,5.719999999999978,loss
2.999999999999999,0.899999999999999,2,-2.0000000000000027,5.709999999999979,win
2.999999999999999,0.899999999999999,2,-1.9800000000000026,5.699999999999979,win
2.999999999999999,0.899999999999999,2,-1.9600000000000026,5.689999999999979,win
2.999999999999999,0.899999999999999,2,-1.9800000000000026,5.709999999999979,loss
2.999999999999999,0.879999999999999,2,-2.0000000000000027,5.729999999999978,draw
2.999999999999999,0.879999999999999,2,-1.9800000000000026,5.719999999999978,win
2.999999999999999,0.879999999999999,2,-2.0000000000000027,5.739999999999978,draw
2.999999999999999,0.879999999999999,2,-1.9800000000000026,5.729999999999978,win
2.999999999999999,0.879999999999999,2,-2.0000000000000027,5.749999999999978,draw
2.999999999999999,0.879999999999999,2,-2.0200000000000027,5.769999999999977,draw
2.999999999999999,0.879999999999999,2,-2.0400000000000027,5.789999999999977,loss
2.999999999999999,0.899999999999999,2,-2.0200000000000027,5.779999999999977,win
2.999999999999999,0.899999999999999,2,-2.0400000000000027,5.799999999999977,draw
2.999999999999999,0.899999999999999,2,-2.0600000000000027,5.819999999999976,loss
2.999999999999999,0.899999999999999,2,-2.0800000000000027,5.839999999999976,loss
2.999999999999999,0.899999999999999,2,-2.1000000000000028,5.8599999999999755,loss
2.999999999999999,0.899999999999999,2,-2.1200000000000028,5.879999999999975,draw
2.999999999999999,0.899999999999999,2,-2.140000000000003,5.899999999999975,draw
2.999999999999999,0.879999999999999,2,-2.160000000000003,5.919999999999974,loss
2.999999999999999,0.879999999999999,2,-2.180000000000003,5.939999999999974,loss
2.999999999999999,0.879999999999999,2,-2.200000000000003,5.959999999999973,draw
2.999999999999999,0.879999999999999,2,-2.220000000000003,5.979999999999973,draw
2.999999999999999,0.879999999999999,2,-2.200000000000003,5.969999999999973,win
2.999999999999999,0.879999999999999,2,-2.220000000000003,5.989999999999973,draw
2.999999999999999,0.879999999999999,2,-2.240000000000003,6.009999999999972,draw
3.019999999999999,0.879999999999999,2,-2.220000000000003,5.9999999999999725,win
3.019999999999999,0.879999999999999,2,-2.240000000000003,6.019999999999972,draw
3.019999999999999,0.879999999999999,2,-2.260000000000003,6.039999999999972,loss
3.019999999999999,0.879999999999999,2,-2.240000000000003,6.029999999999972,win
3.019999999999999,0.879999999999999,2,-2.260000000000003,6.049999999999971,draw
3.019999999999999,0.879999999999999,2,-2.280000000000003,6.069999999999971,draw
3.019999999999999,0.879999999999999,2,-2.300000000000003,6.0899999999999705,draw
3.019999999999999,0.859999999999999,2,-2.320000000000003,6.10999999999997,draw
3.019999999999999,0.879999999999999,2,-2.300000000000003,6.09999999999997,win
3.019999999999999,0.879999999999999,2,-2.280000000000003,6.0899999999999705,win
3.019999999999999,0.879999999999999,2,-2.260000000000003,6.079999999999971,win
3.019999999999999,0.879999999999999,2,-2.260000000000003,6.09999999999997,draw
3.019999999999999,0.879999999999999,2,-2.280000000000003,6.11999999999997,draw
3.019999999999999,0.879999999999999,2,-2.300000000000003,6.1399999999999695,loss
3.019999999999999,0.879999999999999,2,-2.280000000000003,6.12999999999997,win
3.019999999999999,0.879999999999999,2,-2.300000000000003,6.149999999999969,loss
3.019999999999999,0.879999999999999,2,-2.320000000000003,6.169999999999969,loss
3.019999999999999,0.879999999999999,2,-2.300000000000003,6.159999999999969,win
3.019999999999999,0.879999999999999,2,-2.320000000000003,6.179999999999969,draw
3.019999999999999,0.879999999999999,2,-2.340000000000003,6.199999999999968,loss
3.019999999999999,0.899999999999999,2,-2.320000000000003,6.189999999999968,win
3.019999999999999,0.899999999999999,2,-2.340000000000003,6.209999999999968,loss
3.019999999999999,0.899999999999999,2,-2.360000000000003,6.229999999999968,draw
3.019999999999999,0.879999999999999,2,-2.380000000000003,6.249999999999967,draw
3.019999999999999,0.859999999999999,2,-2.400000000000003,6.269999999999967,loss
3.019999999999999,0.859999999999999,2,-2.380000000000003,6.259999999999967,win
3.019999999999999,0.859999999999999,2,-2.380000000000003,6.2799999999999665,draw
3.019999999999999,0.859999999999999,2,-2.360000000000003,6.269999999999967,win
3.019999999999999,0.859999999999999,2,-2.380000000000003,6.289999999999966,loss
3.019999999999999,0.859999999999999,2,-2.400000000000003,6.309999999999966,draw
3.019999999999999,0.859999999999999,2,-2.420000000000003,6.329999999999965,loss
3.019999999999999,0.859999999999999,2,-2.440000000000003,6.349999999999965,draw
3.019999999999999,0.859999999999999,2,-2.420000000000003,6.339999999999965,win
3.019999999999999,0.839999999999999,2,-2.420000000000003,6.359999999999965,draw
3.019999999999999,0.839999999999999,2,-2.440000000000003,6.379999999999964,loss
3.019999999999999,0.839999999999999,2,-2.460000000000003,6.399999999999964,loss
3.019999999999999,0.839999999999999,2,-2.480000000000003,6.4199999999999635,loss
3.019999999999999,0.839999999999999,2,-2.500000000000003,6.439999999999963,loss
3.019999999999999,0.839999999999999,2,-2.520000000000003,6.459999999999963,loss
3.019999999999999,0.839999999999999,2,-2.540000000000003,6.479999999999962,loss
3.019999999999999,0.839999999999999,2,-2.520000000000003,6.4699999999999624,win
3.019999999999999,0.819999999999999,2,-2.540000000000003,6.489999999999962,loss
3.019999999999999,0.7999999999999989,2,-2.560000000000003,6.509999999999962,draw
3.019999999999999,0.7999999999999989,2,-2.580000000000003,6.529999999999961,draw
3.019999999999999,0.7999999999999989,2,-2.560000000000003,6.519999999999961,win
3.019999999999999,0.7999999999999989,2,-2.580000000000003,6.539999999999961,loss
3.019999999999999,0.7999999999999989,2,-2.580000000000003,6.5599999999999605,draw
3.019999999999999,0.7999999999999989,2,-2.580000000000003,6.549999999999961,win
3.019999999999999,0.7999999999999989,2,-2.600000000000003,6.56999999999996,draw
3.019999999999999,0.7999999999999989,2,-2.620000000000003,6.58999999999996,loss
3.019999999999999,0.7799999999999989,2,-2.6400000000000032,6.6099999999999595,loss
3.019999999999999,0.7799999999999989,2,-2.620000000000003,6.59999999999996,win
2.999999999999999,0.7799999999999989,2,-2.6400000000000032,6.619999999999959,draw
2.999999999999999,0.7799999999999989,2,-2.620000000000003,6.6099999999999595,win
2.999999999999999,0.7799999999999989,2,-2.600000000000003,6.59999999999996,win
2.999999999999999,0.7799999999999989,2,-2.620000000000003,6.619999999999959,draw
2.999999999999999,0.7799999999999989,2,-2.6400000000000032,6.639999999999959,loss
2.999999999999999,0.7999999999999989,2,-2.620000000000003,6.629999999999959,win
2.999999999999999,0.7799999999999989,2,-2.6400000000000032,6.649999999999959,draw
2.999999999999999,0.7799999999999989,2,-2.6600000000000033,6.669999999999958,draw
2.999999999999999,0.7799999999999989,2,-2.6800000000000033,6.689999999999958,loss
2.999999999999999,0.7799999999999989,2,-2.7000000000000033,6.709999999999957,loss
2.999999999999999,0.7599999999999989,2,-2.7200000000000033,6.729999999999957,loss
2.999999999999999,0.7599999999999989,2,-2.7400000000000033,6.7499999999999565,draw
2.999999999999999,0.7599999999999989,2,-2.7600000000000033,6.769999999999956,draw
2.999999999999999,0.7599999999999989,2,-2.7400000000000033,6.759999999999956,win
2.999999999999999,0.7599999999999989,2,-2.7600000000000033,6.779999999999956,loss
2.979999999999999,0.7599999999999989,2,-2.7800000000000034,6.799999999999955,loss
2.979999999999999,0.7599999999999989,2,-2.8000000000000034,6.819999999999955,loss
2.979999999999999,0.7799999999999989,2,-2.7800000000000034,6.809999999999955,win
2.979999999999999,0.7799999999999989,2,-2.7800000000000034,6.799999999999955,win
2.979999999999999,0.7799999999999989,2,-2.7600000000000033,6.789999999999956,win
2.979999999999999,0.7799999999999989,2,-2.7800000000000034,6.809999999999955,loss
2.979999999999999,0.7799999999999989,2,-2.8000000000000034,6.829999999999955,loss
2.979999999999999,0.7599999999999989,2,-2.8200000000000034,6.849999999999954,draw
2.979999999999999,0.7599999999999989,2,-2.8400000000000034,6.869999999999954,draw
2.979999999999999,0.7599999999999989,2,-2.8600000000000034,6.8899999999999535,loss
2.979999999999999,0.7599999999999989,2,-2.8800000000000034,6.909999999999953,draw
2.979999999999999,0.7599999999999989,2,-2.8600000000000034,6.899999999999953,win
2.979999999999999,0.7599999999999989,2,-2.8800000000000034,6.919999999999953,loss
2.979999999999999,0.7599999999999989,2,-2.9000000000000035,6.939999999999952,draw
2.979999999999999,0.7599999999999989,2,-2.8800000000000034,6.929999999999953,win
2.979999999999999,0.7799999999999989,2,-2.8600000000000034,6.919999999999953,win
2.979999999999999,0.7799999999999989,2,-2.8800000000000034,6.939999999999952,draw
2.979999999999999,0.7799999999999989,2,-2.8600000000000034,6.929999999999953,win
2.979999999999999,0.7599999999999989,2,-2.8800000000000034,6.949999999999952,draw
2.979999999999999,0.7599999999999989,2,-2.8600000000000034,6.939999999999952,win
2.979999999999999,0.7599999999999989,2,-2.8800000000000034,6.959999999999952,draw
2.979999999999999,0.7599999999999989,2,-2.8600000000000034,6.949999999999952,win
2.979999999999999,0.7599999999999989,2,-2.8400000000000034,6.939999999999952,win
2.979999999999999,0.7599999999999989,2,-2.8600000000000034,6.959999999999952,loss
2.979999999999999,0.7599999999999989,2,-2.8800000000000034,6.979999999999952,draw
2.979999999999999,0.7599999999999989,2,-2.8600000000000034,6.969999999999952,win
2.979999999999999,0.7599999999999989,2,-2.8800000000000034,6.989999999999951,loss
2.979999999999999,0.7599999999999989,2,-2.8600000000000034,6.979999999999952,win
2.979999999999999,0.7599999999999989,2,-2.8800000000000034,6.999999999999951,draw
2.979999999999999,0.7799999999999989,2,-2.8600000000000034,6.989999999999951,win
2.979999999999999,0.7799999999999989,2,-2.8600000000000034,7.009999999999951,draw
2.979999999999999,0.7799999999999989,2,-2.8800000000000034,7.0299999999999505,draw
2.979999999999999,0.7599999999999989,2,-2.9000000000000035,7.04999999999995,loss
2.979999999999999,0.7399999999999989,2,-2.9200000000000035,7.06999999999995,draw
2.979999999999999,0.7399999999999989,2,-2.9400000000000035,7.089999999999949,draw
2.979999999999999,0.7599999999999989,2,-2.9200000000000035,7.0799999999999494,win
2.979999999999999,0.7599999999999989,2,-2.9400000000000035,7.099999999999949,loss
2.979999999999999,0.7599999999999989,2,-2.9600000000000035,7.119999999999949,loss
2.979999999999999,0.7399999999999989,2,-2.9600000000000035,7.139999999999948,draw
2.979999999999999,0.7399999999999989,2,-2.9800000000000035,7.159999999999948,draw
2.979999999999999,0.7399999999999989,2,-2.9600000000000035,7.149999999999948,win
2.979999999999999,0.7399999999999989,2,-2.9800000000000035,7.1699999999999475,draw
2.979999999999999,0.7199999999999989,2,-3.0000000000000036,7.189999999999947,loss
2.979999999999999,0.7199999999999989,2,-3.0200000000000036,7.209999999999947,loss
2.979999999999999,0.7199999999999989,2,-3.0400000000000036,7.229999999999946,draw
2.979999999999999,0.7199999999999989,2,-3.0600000000000036,7.249999999999946,draw
2.979999999999999,0.7199999999999989,2,-3.0800000000000036,7.269999999999945,draw
2.979999999999999,0.7199999999999989,2,-3.0600000000000036,7.259999999999946,win
2.979999999999999,0.7199999999999989,2,-3.0400000000000036,7.249999999999946,win
2.979999999999999,0.7199999999999989,2,-3.0600000000000036,7.269999999999945,draw
2.979999999999999,0.7199999999999989,2,-3.0800000000000036,7.289999999999945,draw
2.979999999999999,0.7199999999999989,2,-3.0600000000000036,7.279999999999945,win
2.979999999999999,0.7199999999999989,2,-3.0800000000000036,7.299999999999945,loss
2.979999999999999,0.7199999999999989,2,-3.1000000000000036,7.319999999999944,loss
2.979999999999999,0.7199999999999989,2,-3.1200000000000037,7.339999999999944,loss
2.979999999999999,0.7199999999999989,2,-3.1400000000000037,7.3599999999999435,draw
2.979999999999999,0.7199999999999989,2,-3.1600000000000037,7.379999999999943,draw
2.979999999999999,0.7199999999999989,2,-3.1400000000000037,7.369999999999943,win
2.979999999999999,0.7199999999999989,2,-3.1600000000000037,7.389999999999943,loss
2.979999999999999,0.7199999999999989,2,-3.1400000000000037,7.379999999999943,win
2.979999999999999,0.7199999999999989,2,-3.1600000000000037,7.399999999999943,draw
2.979999999999999,0.7199999999999989,2,-3.1800000000000037,7.419999999999942,draw
2.979999999999999,0.7199999999999989,2,-3.2000000000000037,7.439999999999942,draw
2.979999999999999,0.7199999999999989,2,-3.2200000000000037,7.459999999999941,loss
2.979999999999999,0.7199999999999989,2,-3.2000000000000037,7.449999999999942,win
2.979999999999999,0.7199999999999989,2,-3.1800000000000037,7.439999999999942,win
2.979999999999999,0.7199999999999989,2,-3.2000000000000037,7.459999999999941,draw
2.979999999999999,0.7199999999999989,2,-3.2200000000000037,7.479999999999941,draw
2.979999999999999,0.7199999999999989,2,-3.2400000000000038,7.4999999999999405,loss
2.979999999999999,0.7399999999999989,2,-3.2200000000000037,7.489999999999941,win
2.979999999999999,0.7399999999999989,2,-3.2400000000000038,7.50999999999994,draw
2.979999999999999,0.7199999999999989,2,-3.260000000000004,7.52999999999994,loss
2.979999999999999,0.7199999999999989,2,-3.280000000000004,7.549999999999939,draw
2.979999999999999,0.7199999999999989,2,-3.260000000000004,7.53999999999994,win
2.979999999999999,0.7199999999999989,2,-3.2400000000000038,7.52999999999994,win
2.979999999999999,0.7199999999999989,2,-3.2200000000000037,7.51999999999994,win
2.979999999999999,0.7199999999999989,2,-3.2000000000000037,7.50999999999994,win
2.979999999999999,0.7199999999999989,2,-3.2000000000000037,7.4999999999999405,win
2.979999999999999,0.7199999999999989,2,-3.1800000000000037,7.489999999999941,win
2.979999999999999,0.7199999999999989,2,-3.1600000000000037,7.479999999999941,win
2.979999999999999,0.7199999999999989,2,-3.1800000000000037,7.4999999999999405,loss
2.979999999999999,0.7199999999999989,2,-3.2000000000000037,7.51999999999994,loss
2.979999999999999,0.7199999999999989,2,-3.1800000000000037,7.50999999999994,win
2.979999999999999,0.7199999999999989,2,-3.1600000000000037,7.4999999999999405,win
2.979999999999999,0.7399999999999989,2,-3.1400000000000037,7.489999999999941,win
2.979999999999999,0.7399999999999989,2,-3.1600000000000037,7.50999999999994,loss
2.979999999999999,0.7199999999999989,2,-3.1800000000000037,7.52999999999994,loss
2.979999999999999,0.7199999999999989,2,-3.2000000000000037,7.549999999999939,loss
2.979999999999999,0.7199999999999989,2,-3.2200000000000037,7.569999999999939,loss
2.979999999999999,0.7199999999999989,2,-3.2400000000000038,7.589999999999939,draw
2.979999999999999,0.7199999999999989,2,-3.260000000000004,7.609999999999938,draw
2.979999999999999,0.7199999999999989,2,-3.2400000000000038,7.599999999999938,win
2.979999999999999,0.7199999999999989,2,-3.260000000000004,7.619999999999938,loss
2.979999999999999,0.7199999999999989,2,-3.280000000000004,7.6399999999999375,draw
2.979999999999999,0.6999999999999988,2,-3.300000000000004,7.659999999999937,loss
2.979999999999999,0.6999999999999988,2,-3.280000000000004,7.649999999999937,win
2.979999999999999,0.6999999999999988,2,-3.260000000000004,7.6399999999999375,win
2.979999999999999,0.6999999999999988,2,-3.280000000000004,7.659999999999937,draw
2.979999999999999,0.6999999999999988,2,-3.300000000000004,7.679999999999937,loss
2.979999999999999,0.6999999999999988,2,-3.320000000000004,7.699999999999936,loss
2.979999999999999,0.6799999999999988,2,-3.340000000000004,7.719999999999936,loss
2.979999999999999,0.6799999999999988,2,-3.320000000000004,7.709999999999936,win
2.979999999999999,0.6799999999999988,2,-3.340000000000004,7.729999999999936,draw
2.979999999999999,0.6999999999999988,2,-3.320000000000004,7.719999999999936,win
2.979999999999999,0.6999999999999988,2,-3.340000000000004,7.739999999999935,draw
2.979999999999999,0.6799999999999988,2,-3.360000000000004,7.759999999999935,loss
2.979999999999999,0.6799999999999988,2,-3.380000000000004,7.7799999999999345,loss
2.979999999999999,0.6799999999999988,2,-3.400000000000004,7.799999999999934,loss
2.979999999999999,0.6799999999999988,2,-3.420000000000004,7.819999999999934,draw
2.979999999999999,0.6799999999999988,2,-3.440000000000004,7.839999999999933,draw
2.979999999999999,0.6799999999999988,2,-3.460000000000004,7.859999999999933,draw
2.979999999999999,0.6999999999999988,2,-3.440000000000004,7.849999999999933,win
2.979999999999999,0.6999999999999988,2,-3.460000000000004,7.869999999999933,draw
2.979999999999999,0.7199999999999989,2,-3.440000000000004,7.859999999999933,win
2.979999999999999,0.7199999999999989,2,-3.460000000000004,7.879999999999932,loss
2.979999999999999,0.7199999999999989,2,-3.440000000000004,7.869999999999933,win
2.979999999999999,0.7199999999999989,2,-3.420000000000004,7.859999999999933,win
2.979999999999999,0.6999999999999988,2,-3.440000000000004,7.879999999999932,loss
2.979999999999999,0.6999999999999988,2,-3.460000000000004,7.899999999999932,loss
2.979999999999999,0.6999999999999988,2,-3.480000000000004,7.9199999999999315,draw
2.979999999999999,0.6999999999999988,2,-3.500000000000004,7.939999999999931,loss
2.979999999999999,0.6999999999999988,2,-3.520000000000004,7.959999999999931,loss
2.979999999999999,0.6999999999999988,2,-3.540000000000004,7.97999999999993,loss
2.979999999999999,0.6999999999999988,2,-3.560000000000004,7.99999999999993,draw
2.979999999999999,0.6999999999999988,2,-3.540000000000004,7.98999999999993,win
2.979999999999999,0.6999999999999988,2,-3.560000000000004,8.00999999999993,loss
2.979999999999999,0.6999999999999988,2,-3.580000000000004,8.02999999999993,draw
2.979999999999999,0.6999999999999988,2,-3.560000000000004,8.01999999999993,win
2.979999999999999,0.6999999999999988,2,-3.580000000000004,8.03999999999993,loss
2.979999999999999,0.6999999999999988,2,-3.600000000000004,8.05999999999993,loss
2.979999999999999,0.6999999999999988,2,-3.620000000000004,8.079999999999929,loss
2.979999999999999,0.6999999999999988,2,-3.640000000000004,8.099999999999929,loss
2.979999999999999,0.6999999999999988,2,-3.660000000000004,8.119999999999928,draw
2.979999999999999,0.6799999999999988,2,-3.680000000000004,8.139999999999928,draw
2.979999999999999,0.6799999999999988,2,-3.700000000000004,8.159999999999927,loss
2.979999999999999,0.6799999999999988,2,-3.680000000000004,8.149999999999928,win
2.979999999999999,0.6799999999999988,2,-3.700000000000004,8.169999999999927,loss
2.979999999999999,0.6799999999999988,2,-3.720000000000004,8.189999999999927,loss
2.979999999999999,0.6799999999999988,2,-3.700000000000004,8.179999999999927,win
2.979999999999999,0.6599999999999988,2,-3.720000000000004,8.199999999999926,draw
2.979999999999999,0.6599999999999988,2,-3.700000000000004,8.189999999999927,win
2.979999999999999,0.6599999999999988,2,-3.680000000000004,8.179999999999927,win
2.979999999999999,0.6599999999999988,2,-3.700000000000004,8.199999999999926,loss
2.979999999999999,0.6599999999999988,2,-3.720000000000004,8.219999999999926,loss
2.979999999999999,0.6599999999999988,2,-3.740000000000004,8.239999999999926,draw
2.979999999999999,0.6599999999999988,2,-3.7600000000000042,8.259999999999925,draw
2.979999999999999,0.6399999999999988,2,-3.7800000000000042,8.279999999999925,loss
2.979999999999999,0.6399999999999988,2,-3.8000000000000043,8.299999999999924,draw
2.979999999999999,0.6199999999999988,2,-3.8200000000000043,8.319999999999924,loss
2.959999999999999,0.6199999999999988,2,-3.8400000000000043,8.339999999999923,loss
2.959999999999999,0.6199999999999988,2,-3.8600000000000043,8.359999999999923,draw
2.959999999999999,0.6199999999999988,2,-3.8800000000000043,8.379999999999923,loss
2.959999999999999,0.6199999999999988,2,-3.9000000000000044,8.399999999999922,draw
2.959999999999999,0.6199999999999988,2,-3.8800000000000043,8.389999999999922,win
2.959999999999999,0.6199999999999988,2,-3.9000000000000044,8.409999999999922,loss
2.959999999999999,0.6199999999999988,2,-3.9200000000000044,8.429999999999922,loss
2.959999999999999,0.6199999999999988,2,-3.9400000000000044,8.449999999999921,loss
2.959999999999999,0.6199999999999988,2,-3.9200000000000044,8.439999999999921,win
2.959999999999999,0.6399999999999988,2,-3.9000000000000044,8.429999999999922,win
2.959999999999999,0.6399999999999988,2,-3.9200000000000044,8.449999999999921,draw
2.959999999999999,0.6399999999999988,2,-3.9000000000000044,8.439999999999921,win
2.959999999999999,0.6399999999999988,2,-3.9200000000000044,8.459999999999921,draw
2.959999999999999,0.6399999999999988,2,-3.9400000000000044,8.47999999999992,draw
2.959999999999999,0.6399999999999988,2,-3.9600000000000044,8.49999999999992,loss
2.959999999999999,0.6399999999999988,2,-3.9800000000000044,8.51999999999992,draw
2.959999999999999,0.6399999999999988,2,-3.9600000000000044,8.50999999999992,win
2.959999999999999,0.6399999999999988,2,-3.9400000000000044,8.49999999999992,win
2.959999999999999,0.6399999999999988,2,-3.9600000000000044,8.51999999999992,draw
2.939999999999999,0.6399999999999988,2,-3.9800000000000044,8.53999999999992,loss
2.939999999999999,0.6399999999999988,2,-4.000000000000004,8.559999999999919,loss
2.939999999999999,0.6399999999999988,2,-4.020000000000004,8.579999999999918,loss
2.939999999999999,0.6399999999999988,2,-4.040000000000004,8.599999999999918,loss
2.939999999999999,0.6399999999999988,2,-4.060000000000003,8.619999999999918,loss
2.939999999999999,0.6399999999999988,2,-4.080000000000003,8.639999999999917,loss
2.939999999999999,0.6399999999999988,2,-4.060000000000003,8.629999999999917,win
2.939999999999999,0.6399999999999988,2,-4.080000000000003,8.649999999999917,draw
2.939999999999999,0.6599999999999988,2,-4.060000000000003,8.639999999999917,win
2.939999999999999,0.6599999999999988,2,-4.040000000000004,8.629999999999917,win
2.939999999999999,0.6599999999999988,2,-4.060000000000003,8.649999999999917,draw
2.939999999999999,0.6599999999999988,2,-4.080000000000003,8.669999999999916,loss
2.939999999999999,0.6599999999999988,2,-4.100000000000002,8.689999999999916,draw
2.939999999999999,0.6599999999999988,2,-4.120000000000002,8.709999999999916,draw
2.939999999999999,0.6599999999999988,2,-4.1400000000000015,8.729999999999915,loss
2.939999999999999,0.6599999999999988,2,-4.160000000000001,8.749999999999915,loss
2.939999999999999,0.6599999999999988,2,-4.180000000000001,8.769999999999914,draw
2.939999999999999,0.6599999999999988,2,-4.2,8.789999999999914,loss
2.939999999999999,0.6599999999999988,2,-4.180000000000001,8.779999999999914,win
2.939999999999999,0.6599999999999988,2,-4.2,8.799999999999914,loss
2.939999999999999,0.6599999999999988,2,-4.22,8.819999999999913,loss
2.939999999999999,0.6599999999999988,2,-4.239999999999999,8.839999999999913,loss
2.939999999999999,0.6599999999999988,2,-4.259999999999999,8.859999999999912,draw
2.939999999999999,0.6599999999999988,2,-4.2799999999999985,8.879999999999912,draw
2.939999999999999,0.6599999999999988,2,-4.299999999999998,8.899999999999912,draw
2.939999999999999,0.6599999999999988,2,-4.319999999999998,8.919999999999911,draw
2.939999999999999,0.6599999999999988,2,-4.339999999999997,8.93999999999991,loss
2.939999999999999,0.6599999999999988,2,-4.359999999999997,8.95999999999991,draw
2.939999999999999,0.6399999999999988,2,-4.379999999999996,8.97999999999991,loss
2.939999999999999,0.6599999999999988,2,-4.359999999999997,8.96999999999991,win
2.939999999999999,0.6599999999999988,2,-4.379999999999996,8.98999999999991,loss
2.939999999999999,0.6599999999999988,2,-4.399999999999996,9.00999999999991,loss
2.939999999999999,0.6599999999999988,2,-4.4199999999999955,9.029999999999909,draw
2.939999999999999,0.6599999999999988,2,-4.399999999999996,9.019999999999909,win
2.939999999999999,0.6399999999999988,2,-4.399999999999996,9.039999999999909,draw
2.939999999999999,0.6399999999999988,2,-4.4199999999999955,9.059999999999908,draw
2.939999999999999,0.6399999999999988,2,-4.439999999999995,9.079999999999908,loss
2.939999999999999,0.6399999999999988,2,-4.4199999999999955,9.069999999999908,win
2.939999999999999,0.6599999999999988,2,-4.399999999999996,9.059999999999908,win
2.939999999999999,0.6599999999999988,2,-4.4199999999999955,9.079999999999908,draw
2.939999999999999,0.6599999999999988,2,-4.439999999999995,9.099999999999907,loss
2.939999999999999,0.6599999999999988,2,-4.4199999999999955,9.089999999999907,win
2.939999999999999,0.6599999999999988,2,-4.399999999999996,9.079999999999908,win
2.939999999999999,0.6399999999999988,2,-4.4199999999999955,9.099999999999907,loss
2.939999999999999,0.6399999999999988,2,-4.439999999999995,9.119999999999907,loss
2.939999999999999,0.6399999999999988,2,-4.459999999999995,9.139999999999906,loss
2.939999999999999,0.6399999999999988,2,-4.439999999999995,9.129999999999907,win
2.939999999999999,0.6399999999999988,2,-4.459999999999995,9.149999999999906,draw
2.939999999999999,0.6399999999999988,2,-4.479999999999994,9.169999999999906,draw
2.939999999999999,0.6399999999999988,2,-4.459999999999995,9.159999999999906,win
2.939999999999999,0.6399999999999988,2,-4.439999999999995,9.149999999999906,win
2.939999999999999,0.6399999999999988,2,-4.459999999999995,9.169999999999906,draw
2.939999999999999,0.6399999999999988,2,-4.479999999999994,9.189999999999905,loss
2.939999999999999,0.6399999999999988,2,-4.459999999999995,9.179999999999906,win
2.939999999999999,0.6399999999999988,2,-4.479999999999994,9.199999999999905,draw
2.939999999999999,0.6399999999999988,2,-4.499999999999994,9.219999999999905,loss
2.939999999999999,0.6399999999999988,2,-4.519999999999993,9.239999999999904,loss
2.939999999999999,0.6399999999999988,2,-4.539999999999993,9.259999999999904,draw
2.939999999999999,0.6399999999999988,2,-4.519999999999993,9.249999999999904,win
2.939999999999999,0.6399999999999988,2,-4.539999999999993,9.269999999999904,loss
2.939999999999999,0.6399999999999988,2,-4.5599999999999925,9.289999999999903,loss
2.939999999999999,0.6399999999999988,2,-4.579999999999992,9.309999999999903,loss
2.939999999999999,0.6399999999999988,2,-4.599999999999992,9.329999999999902,loss
2.939999999999999,0.6399999999999988,2,-4.579999999999992,9.319999999999903,win
2.939999999999999,0.6399999999999988,2,-4.5599999999999925,9.309999999999903,win
2.939999999999999,0.6399999999999988,2,-4.539999999999993,9.299999999999903,win
2.939999999999999,0.6399999999999988,2,-4.5599999999999925,9.319999999999903,loss
2.939999999999999,0.6399999999999988,2,-4.579999999999992,9.339999999999902,loss
2.939999999999999,0.6399999999999988,2,-4.579999999999992,9.359999999999902,draw
2.919999999999999,0.6399999999999988,2,-4.599999999999992,9.379999999999901,draw
2.919999999999999,0.6399999999999988,2,-4.619999999999991,9.3999999999999,draw
2.919999999999999,0.6399999999999988,2,-4.639999999999991,9.4199999999999,draw
2.919999999999999,0.6399999999999988,2,-4.65999999999999,9.4399999999999,draw
2.919999999999999,0.6399999999999988,2,-4.67999999999999,9.4599999999999,loss
2.919999999999999,0.6399999999999988,2,-4.6999999999999895,9.4799999999999,loss
2.919999999999999,0.6399999999999988,2,-4.719999999999989,9.499999999999899,draw
2.919999999999999,0.6399999999999988,2,-4.739999999999989,9.519999999999898,draw
2.919999999999999,0.6399999999999988,2,-4.759999999999988,9.539999999999898,loss
2.919999999999999,0.6399999999999988,2,-4.739999999999989,9.529999999999898,win
2.919999999999999,0.6399999999999988,2,-4.759999999999988,9.549999999999898,loss
2.919999999999999,0.6399999999999988,2,-4.779999999999988,9.569999999999897,draw
2.919999999999999,0.6399999999999988,2,-4.759999999999988,9.559999999999897,win
2.919999999999999,0.6199999999999988,2,-4.779999999999988,9.579999999999897,loss
2.899999999999999,0.6199999999999988,2,-4.799999999999987,9.599999999999897,loss
2.899999999999999,0.6199999999999988,2,-4.819999999999987,9.619999999999896,draw
2.899999999999999,0.6199999999999988,2,-4.8399999999999865,9.639999999999896,loss
2.899999999999999,0.6199999999999988,2,-4.859999999999986,9.659999999999895,loss
2.899999999999999,0.6199999999999988,2,-4.879999999999986,9.679999999999895,draw
2.899999999999999,0.6199999999999988,2,-4.899999999999985,9.699999999999894,loss
2.899999999999999,0.6199999999999988,2,-4.879999999999986,9.689999999999895,win
2.899999999999999,0.6199999999999988,2,-4.899999999999985,9.709999999999894,loss
2.899999999999999,0.6199999999999988,2,-4.919999999999985,9.729999999999894,loss
2.899999999999999,0.5999999999999988,2,-4.939999999999984,9.749999999999893,loss
2.899999999999999,0.5999999999999988,2,-4.959999999999984,9.769999999999893,draw
2.899999999999999,0.5999999999999988,2,-4.9799999999999836,9.789999999999893,draw
2.899999999999999,0.5999999999999988,2,-4.959999999999984,9.779999999999893,win
2.899999999999999,0.5999999999999988,2,-4.9799999999999836,9.799999999999892,draw
2.899999999999999,0.5999999999999988,2,-4.999999999999983,9.819999999999892,draw
2.899999999999999,0.5999999999999988,2,-5.019999999999983,9.839999999999892,loss
2.899999999999999,0.5999999999999988,2,-5.039999999999982,9.859999999999891,draw
2.899999999999999,0.5999999999999988,2,-5.019999999999983,9.849999999999891,win
2.899999999999999,0.5799999999999987,2,-5.039999999999982,9.86999999999989,loss
2.899999999999999,0.5799999999999987,2,-5.059999999999982,9.88999999999989,loss
2.899999999999999,0.5599999999999987,2,-5.079999999999981,9.90999999999989,draw
2.899999999999999,0.5599999999999987,2,-5.099999999999981,9.92999999999989,loss
2.899999999999999,0.5599999999999987,2,-5.079999999999981,9.91999999999989,win
2.899999999999999,0.5599999999999987,2,-5.059999999999982,9.90999999999989,win
2.899999999999999,0.5399999999999987,2,-5.079999999999981,9.92999999999989,draw
2.899999999999999,0.5399999999999987,2,-5.059999999999982,9.91999999999989,win
2.899999999999999,0.5399999999999987,2,-5.079999999999981,9.93999999999989,loss
2.899999999999999,0.5399999999999987,2,-5.059999999999982,9.92999999999989,win
2.899999999999999,0.5399999999999987,2,-5.079999999999981,9.94999999999989,loss
2.899999999999999,0.5399999999999987,2,-5.059999999999982,9.93999999999989,win
2.899999999999999,0.5399999999999987,2,-5.079999999999981,9.959999999999889,draw
2.899999999999999,0.5399999999999987,2,-5.099999999999981,9.979999999999889,draw
2.899999999999999,0.5399999999999987,2,-5.119999999999981,9.999999999999888,draw
2.899999999999999,0.5399999999999987,2,-5.13999999999998,10.019999999999888,loss
2.899999999999999,0.5199999999999987,2,-5.15999999999998,10.039999999999887,loss
2.899999999999999,0.5199999999999987,2,-5.179999999999979,10.059999999999887,loss
2.899999999999999,0.5199999999999987,2,-5.199999999999979,10.079999999999886,loss
2.899999999999999,0.5199999999999987,2,-5.219999999999978,10.099999999999886,draw
2.899999999999999,0.5199999999999987,2,-5.239999999999978,10.119999999999886,draw
2.899999999999999,0.5199999999999987,2,-5.259999999999978,10.139999999999885,draw
2.899999999999999,0.5199999999999987,2,-5.279999999999977,10.159999999999885,draw
2.899999999999999,0.5199999999999987,2,-5.299999999999977,10.179999999999884,loss
2.899999999999999,0.5199999999999987,2,-5.319999999999976,10.199999999999884,loss
2.899999999999999,0.5199999999999987,2,-5.339999999999976,10.219999999999883,draw
2.899999999999999,0.5199999999999987,2,-5.319999999999976,10.209999999999884,win
2.899999999999999,0.5199999999999987,2,-5.339999999999976,10.229999999999883,loss
2.899999999999999,0.5199999999999987,2,-5.3599999999999755,10.249999999999883,draw
2.899999999999999,0.5199999999999987,2,-5.379999999999975,10.269999999999882,draw
2.899999999999999,0.5199999999999987,2,-5.399999999999975,10.289999999999882,draw
2.899999999999999,0.5199999999999987,2,-5.419999999999974,10.309999999999881,loss
2.899999999999999,0.5199999999999987,2,-5.439999999999974,10.329999999999881,draw
2.899999999999999,0.5199999999999987,2,-5.439999999999974,10.319999999999881,win
2.899999999999999,0.5199999999999987,2,-5.419999999999974,10.309999999999881,win
2.899999999999999,0.5199999999999987,2,-5.439999999999974,10.329999999999881,loss
2.899999999999999,0.5199999999999987,2,-5.459999999999973,10.34999999999988,draw
2.899999999999999,0.5199999999999987,2,-5.439999999999974,10.33999999999988,win
2.899999999999999,0.5199999999999987,2,-5.459999999999973,10.35999999999988,draw
2.899999999999999,0.5199999999999987,2,-5.479999999999973,10.37999999999988,loss
2.899999999999999,0.49999999999999867,2,-5.4999999999999725,10.39999999999988,loss
2.899999999999999,0.49999999999999867,2,-5.519999999999972,10.41999999999988,draw
2.899999999999999,0.49999999999999867,2,-5.539999999999972,10.439999999999879,loss
2.899999999999999,0.49999999999999867,2,-5.559999999999971,10.459999999999878,loss
2.899999999999999,0.49999999999999867,2,-5.539999999999972,10.449999999999878,win
2.899999999999999,0.49999999999999867,2,-5.559999999999971,10.469999999999878,draw
2.899999999999999,0.49999999999999867,2,-5.539999999999972,10.459999999999878,win
2.899999999999999,0.49999999999999867,2,-5.559999999999971,10.479999999999878,loss
2.899999999999999,0.49999999999999867,2,-5.539999999999972,10.469999999999878,win
2.899999999999999,0.49999999999999867,2,-5.519999999999972,10.459999999999878,win
2.899999999999999,0.49999999999999867,2,-5.539999999999972,10.479999999999878,loss
2.899999999999999,0.49999999999999867,2,-5.559999999999971,10.499999999999877,loss
2.899999999999999,0.49999999999999867,2,-5.579999999999971,10.519999999999877,draw
2.899999999999999,0.49999999999999867,2,-5.579999999999971,10.539999999999877,draw
2.899999999999999,0.49999999999999867,2,-5.59999999999997,10.559999999999876,draw
2.899999999999999,0.49999999999999867,2,-5.61999999999997,10.579999999999876,loss
2.899999999999999,0.49999999999999867,2,-5.59999999999997,10.569999999999876,win
2.899999999999999,0.49999999999999867,2,-5.61999999999997,10.589999999999876,draw
2.899999999999999,0.49999999999999867,2,-5.6399999999999695,10.609999999999875,loss
2.899999999999999,0.49999999999999867,2,-5.659999999999969,10.629999999999875,draw
2.899999999999999,0.49999999999999867,2,-5.679999999999969,10.649999999999874,draw
2.899999999999999,0.49999999999999867,2,-5.699999999999968,10.669999999999874,draw
2.899999999999999,0.49999999999999867,2,-5.679999999999969,10.659999999999874,win
2.879999999999999,0.49999999999999867,2,-5.699999999999968,10.679999999999874,loss
2.879999999999999,0.49999999999999867,2,-5.719999999999968,10.699999999999873,loss
2.879999999999999,0.49999999999999867,2,-5.739999999999967,10.719999999999873,draw
2.879999999999999,0.49999999999999867,2,-5.759999999999967,10.739999999999872,draw
2.879999999999999,0.49999999999999867,2,-5.7799999999999665,10.759999999999872,draw
2.879999999999999,0.49999999999999867,2,-5.7799999999999665,10.749999999999872,win
2.879999999999999,0.49999999999999867,2,-5.759999999999967,10.739999999999872,win
2.879999999999999,0.47999999999999865,2,-5.7799999999999665,10.759999999999872,draw
2.879999999999999,0.47999999999999865,2,-5.799999999999966,10.779999999999871,loss
2.879999999999999,0.47999999999999865,2,-5.7799999999999665,10.769999999999872,win
2.879999999999999,0.47999999999999865,2,-5.799999999999966,10.789999999999871,loss
2.879999999999999,0.47999999999999865,2,-5.819999999999966,10.80999999999987,loss
2.879999999999999,0.47999999999999865,2,-5.839999999999965,10.82999999999987,draw
2.879999999999999,0.47999999999999865,2,-5.859999999999965,10.84999999999987,loss
2.879999999999999,0.47999999999999865,2,-5.839999999999965,10.83999999999987,win
2.879999999999999,0.47999999999999865,2,-5.859999999999965,10.85999999999987,draw
2.879999999999999,0.47999999999999865,2,-5.839999999999965,10.84999999999987,win
2.879999999999999,0.45999999999999863,2,-5.859999999999965,10.86999999999987,loss
2.879999999999999,0.45999999999999863,2,-5.859999999999965,10.88999999999987,draw
2.879999999999999,0.45999999999999863,2,-5.879999999999964,10.909999999999869,draw
2.879999999999999,0.4399999999999986,2,-5.899999999999964,10.929999999999868,draw
2.879999999999999,0.4399999999999986,2,-5.9199999999999635,10.949999999999868,loss
2.879999999999999,0.4399999999999986,2,-5.899999999999964,10.939999999999868,win
2.879999999999999,0.4399999999999986,2,-5.9199999999999635,10.959999999999868,loss
2.879999999999999,0.4399999999999986,2,-5.939999999999963,10.979999999999867,loss
2.879999999999999,0.4399999999999986,2,-5.9199999999999635,10.969999999999867,win
2.879999999999999,0.4399999999999986,2,-5.939999999999963,10.989999999999867,draw
2.879999999999999,0.4199999999999986,2,-5.959999999999963,11.009999999999867,draw
2.879999999999999,0.4199999999999986,2,-5.939999999999963,10.999999999999867,win
2.879999999999999,0.4199999999999986,2,-5.959999999999963,11.019999999999866,draw
2.879999999999999,0.4199999999999986,2,-5.939999999999963,11.009999999999867,win
2.879999999999999,0.4199999999999986,2,-5.9199999999999635,10.999999999999867,win
2.879999999999999,0.4399999999999986,2,-5.899999999999964,10.989999999999867,win
2.879999999999999,0.4399999999999986,2,-5.879999999999964,10.979999999999867,win
2.879999999999999,0.4199999999999986,2,-5.899999999999964,10.999999999999867,loss
2.879999999999999,0.4199999999999986,2,-5.9199999999999635,11.019999999999866,draw
2.879999999999999,0.4199999999999986,2,-5.939999999999963,11.039999999999866,loss
2.879999999999999,0.4199999999999986,2,-5.959999999999963,11.059999999999865,loss
2.879999999999999,0.4199999999999986,2,-5.939999999999963,11.049999999999866,win
2.879999999999999,0.4199999999999986,2,-5.9199999999999635,11.039999999999866,win
2.879999999999999,0.4199999999999986,2,-5.899999999999964,11.029999999999866,win
2.879999999999999,0.4199999999999986,2,-5.9199999999999635,11.049999999999866,draw
2.879999999999999,0.4199999999999986,2,-5.939999999999963,11.069999999999865,loss
2.879999999999999,0.4199999999999986,2,-5.9199999999999635,11.059999999999865,win
2.879999999999999,0.4199999999999986,2,-5.939999999999963,11.079999999999865,draw
2.879999999999999,0.4199999999999986,2,-5.959999999999963,11.099999999999865,loss
2.879999999999999,0.4199999999999986,2,-5.979999999999962,11.119999999999864,loss
2.879999999999999,0.4199999999999986,2,-5.999999999999962,11.139999999999864,loss
2.879999999999999,0.4199999999999986,2,-6.019999999999961,11.159999999999863,loss
2.879999999999999,0.4199999999999986,2,-6.039999999999961,11.179999999999863,loss
2.879999999999999,0.4199999999999986,2,-6.019999999999961,11.169999999999863,win
2.879999999999999,0.4199999999999986,2,-5.999999999999962,11.159999999999863,win
2.879999999999999,0.4199999999999986,2,-6.019999999999961,11.179999999999863,loss
2.879999999999999,0.4199999999999986,2,-5.999999999999962,11.169999999999863,win
2.879999999999999,0.4199999999999986,2,-6.019999999999961,11.189999999999863,draw
2.879999999999999,0.4199999999999986,2,-5.999999999999962,11.179999999999863,win
2.879999999999999,0.4199999999999986,2,-5.979999999999962,11.169999999999863,win
2.879999999999999,0.4199999999999986,2,-5.979999999999962,11.189999999999863,draw
2.879999999999999,0.4199999999999986,2,-5.999999999999962,11.209999999999862,draw
2.879999999999999,0.4199999999999986,2,-5.979999999999962,11.199999999999863,win
2.879999999999999,0.4199999999999986,2,-5.959999999999963,11.189999999999863,win
2.879999999999999,0.4199999999999986,2,-5.939999999999963,11.179999999999863,win
2.879999999999999,0.4199999999999986,2,-5.959999999999963,11.199999999999863,draw
2.879999999999999,0.4199999999999986,2,-5.939999999999963,11.189999999999863,win
2.879999999999999,0.4399999999999986,2,-5.9199999999999635,11.179999999999863,win
2.879999999999999,0.4399999999999986,2,-5.939999999999963,11.199999999999863,loss
2.879999999999999,0.4399999999999986,2,-5.959999999999963,11.219999999999862,loss
2.879999999999999,0.4399999999999986,2,-5.979999999999962,11.239999999999862,draw
2.879999999999999,0.4199999999999986,2,-5.999999999999962,11.259999999999861,draw
2.879999999999999,0.4199999999999986,2,-6.019999999999961,11.27999999999986,loss
2.879999999999999,0.4199999999999986,2,-6.039999999999961,11.29999999999986,draw
2.879999999999999,0.4199999999999986,2,-6.039999999999961,11.31999999999986,draw
2.879999999999999,0.4199999999999986,2,-6.0599999999999605,11.33999999999986,draw
2.879999999999999,0.4199999999999986,2,-6.07999999999996,11.359999999999859,draw
2.879999999999999,0.4199999999999986,2,-6.0599999999999605,11.34999999999986,win
2.879999999999999,0.4199999999999986,2,-6.07999999999996,11.369999999999859,draw
2.879999999999999,0.4199999999999986,2,-6.09999999999996,11.389999999999858,loss
2.879999999999999,0.4199999999999986,2,-6.119999999999959,11.409999999999858,loss
2.879999999999999,0.4199999999999986,2,-6.09999999999996,11.399999999999858,win
2.879999999999999,0.4199999999999986,2,-6.119999999999959,11.419999999999858,draw
2.879999999999999,0.4199999999999986,2,-6.139999999999959,11.439999999999857,draw
2.879999999999999,0.4199999999999986,2,-6.159999999999958,11.459999999999857,loss
2.879999999999999,0.4199999999999986,2,-6.179999999999958,11.479999999999857,loss
2.879999999999999,0.4199999999999986,2,-6.1999999999999575,11.499999999999856,loss
2.879999999999999,0.4199999999999986,2,-6.179999999999958,11.489999999999856,win
2.879999999999999,0.4199999999999986,2,-6.1999999999999575,11.509999999999856,loss
2.879999999999999,0.4199999999999986,2,-6.219999999999957,11.529999999999855,draw
2.879999999999999,0.4199999999999986,2,-6.239999999999957,11.549999999999855,loss
2.879999999999999,0.4199999999999986,2,-6.259999999999956,11.569999999999855,loss
2.879999999999999,0.4199999999999986,2,-6.239999999999957,11.559999999999855,win
2.879999999999999,0.4199999999999986,2,-6.259999999999956,11.579999999999854,loss
2.879999999999999,0.4199999999999986,2,-6.239999999999957,11.569999999999855,win
2.879999999999999,0.4199999999999986,2,-6.219999999999957,11.559999999999855,win
2.879999999999999,0.4199999999999986,2,-6.239999999999957,11.579999999999854,draw
2.879999999999999,0.4199999999999986,2,-6.259999999999956,11.599999999999854,draw
2.879999999999999,0.4199999999999986,2,-6.279999999999956,11.619999999999854,loss
2.879999999999999,0.4199999999999986,2,-6.299999999999955,11.639999999999853,draw
2.879999999999999,0.4199999999999986,2,-6.279999999999956,11.629999999999853,win
2.879999999999999,0.4199999999999986,2,-6.259999999999956,11.619999999999854,win
2.879999999999999,0.4199999999999986,2,-6.279999999999956,11.639999999999853,draw
2.879999999999999,0.4199999999999986,2,-6.299999999999955,11.659999999999853,loss
2.879999999999999,0.4199999999999986,2,-6.319999999999955,11.679999999999852,draw
2.879999999999999,0.4199999999999986,2,-6.299999999999955,11.669999999999852,win
2.879999999999999,0.4199999999999986,2,-6.319999999999955,11.689999999999852,draw
2.879999999999999,0.4199999999999986,2,-6.339999999999955,11.709999999999852,draw
2.879999999999999,0.4199999999999986,2,-6.319999999999955,11.699999999999852,win
2.879999999999999,0.4199999999999986,2,-6.339999999999955,11.719999999999851,draw
2.879999999999999,0.4399999999999986,2,-6.319999999999955,11.709999999999852,win
2.879999999999999,0.4399999999999986,2,-6.299999999999955,11.699999999999852,win
2.879999999999999,0.4399999999999986,2,-6.319999999999955,11.719999999999851,loss
2.879999999999999,0.4399999999999986,2,-6.339999999999955,11.739999999999851,draw
2.879999999999999,0.4399999999999986,2,-6.359999999999954,11.75999999999985,loss
2.879999999999999,0.4399999999999986,2,-6.339999999999955,11.74999999999985,win
2.879999999999999,0.4399999999999986,2,-6.359999999999954,11.76999999999985,loss
2.879999999999999,0.4399999999999986,2,-6.379999999999954,11.78999999999985,draw
2.879999999999999,0.4399999999999986,2,-6.379999999999954,11.77999999999985,win
2.879999999999999,0.4399999999999986,2,-6.399999999999953,11.79999999999985,draw
2.879999999999999,0.4399999999999986,2,-6.419999999999953,11.81999999999985,loss
2.879999999999999,0.4399999999999986,2,-6.439999999999952,11.839999999999849,draw
2.879999999999999,0.4199999999999986,2,-6.459999999999952,11.859999999999848,draw
2.879999999999999,0.4199999999999986,2,-6.479999999999952,11.879999999999848,draw
2.879999999999999,0.4199999999999986,2,-6.459999999999952,11.869999999999848,win
2.879999999999999,0.4199999999999986,2,-6.479999999999952,11.889999999999848,draw
2.879999999999999,0.3999999999999986,2,-6.499999999999951,11.909999999999847,draw
2.879999999999999,0.3999999999999986,2,-6.519999999999951,11.929999999999847,loss
2.879999999999999,0.3999999999999986,2,-6.53999999999995,11.949999999999847,draw
2.879999999999999,0.3999999999999986,2,-6.55999999999995,11.969999999999846,loss
2.879999999999999,0.3999999999999986,2,-6.53999999999995,11.959999999999846,win
2.879999999999999,0.3999999999999986,2,-6.53999999999995,11.979999999999846,draw
2.879999999999999,0.3999999999999986,2,-6.55999999999995,11.999999999999845,loss
2.879999999999999,0.3999999999999986,2,-6.5799999999999494,12.019999999999845,loss
2.879999999999999,0.3999999999999986,2,-6.599999999999949,12.039999999999845,loss
2.879999999999999,0.3999999999999986,2,-6.619999999999949,12.059999999999844,draw
2.879999999999999,0.4199999999999986,2,-6.599999999999949,12.049999999999844,win
2.879999999999999,0.4199999999999986,2,-6.619999999999949,12.069999999999844,loss
2.879999999999999,0.4199999999999986,2,-6.639999999999948,12.089999999999844,draw
2.879999999999999,0.4199999999999986,2,-6.659999999999948,12.109999999999843,loss
2.879999999999999,0.4199999999999986,2,-6.679999999999947,12.129999999999843,loss
2.879999999999999,0.4199999999999986,2,-6.659999999999948,12.119999999999843,win
2.879999999999999,0.4199999999999986,2,-6.679999999999947,12.139999999999842,draw
2.879999999999999,0.4199999999999986,2,-6.699999999999947,12.159999999999842,loss
2.879999999999999,0.4199999999999986,2,-6.7199999999999465,12.179999999999842,draw
2.879999999999999,0.4199999999999986,2,-6.739999999999946,12.199999999999841,loss
2.879999999999999,0.3999999999999986,2,-6.759999999999946,12.21999999999984,draw
2.879999999999999,0.3999999999999986,2,-6.779999999999945,12.23999999999984,loss
2.879999999999999,0.3999999999999986,2,-6.799999999999945,12.25999999999984,loss
2.879999999999999,0.3999999999999986,2,-6.819999999999944,12.27999999999984,draw
